date_start,date_stop,age,amount_spent,impressions,cpm,clicks,ctr,website_ctr,actions:link_click,landing_page_view,actions:omni_purchase,omni_purchase_values,purchase_roas,id,name
2023-07-22,2023-07-31,13-17,"R$0,01 BRL",1,"R$10,00 BRL",0,"0,00%",,,,,,,708536560751820,Gê Burger -> Digital Livre
2023-07-22,2023-07-31,18-24,"R$99,10 BRL",43006,"R$2,30 BRL",205,"0,48%",0.025578,11,2,1,,,708536560751820,Gê Burger -> Digital Livre
2023-07-22,2023-07-31,25-34,"R$103,59 BRL",36485,"R$2,84 BRL",236,"0,65%",0.093189,34,2,,,,708536560751820,Gê Burger -> Digital Livre
2023-07-22,2023-07-31,35-44,"R$67,82 BRL",21050,"R$3,22 BRL",150,"0,71%",0.142518,30,2,,,,708536560751820,Gê Burger -> Digital Livre
2023-07-22,2023-07-31,45-54,"R$28,34 BRL",9860,"R$2,87 BRL",106,"1,08%",0.091278,9,,,,,708536560751820,Gê Burger -> Digital Livre
2023-07-22,2023-07-31,55-64,"R$2,19 BRL",640,"R$3,42 BRL",9,"1,41%",,,,,,,708536560751820,Gê Burger -> Digital Livre
2023-08-01,2023-08-31,13-17,"R$0,00 BRL",1,"R$0,00 BRL",0,"0,00%",,,,,,,708536560751820,Gê Burger -> Digital Livre
2023-08-01,2023-08-31,18-24,"R$268,84 BRL",108496,"R$2,48 BRL",480,"0,44%",0.06544,71,2,1,,,708536560751820,Gê Burger -> Digital Livre
2023-08-01,2023-08-31,25-34,"R$292,68 BRL",98701,"R$2,97 BRL",615,"0,62%",0.075987,75,3,,,,708536560751820,Gê Burger -> Digital Livre
2023-08-01,2023-08-31,35-44,"R$212,77 BRL",63077,"R$3,37 BRL",477,"0,76%",0.110975,70,5,2,,,708536560751820,Gê Burger -> Digital Livre
2023-08-01,2023-08-31,45-54,"R$96,37 BRL",33150,"R$2,91 BRL",286,"0,86%",0.081448,27,,1,,,708536560751820,Gê Burger -> Digital Livre
2023-08-01,2023-08-31,55-64,"R$7,34 BRL",2244,"R$3,27 BRL",21,"0,94%",0.089127,2,,,,,708536560751820,Gê Burger -> Digital Livre
2023-08-01,2023-08-31,65+,"R$0,01 BRL",2,"R$5,00 BRL",0,"0,00%",,,,,,,708536560751820,Gê Burger -> Digital Livre
2023-09-01,2023-09-30,18-24,"R$124,03 BRL",51311,"R$2,42 BRL",214,"0,42%",0.05262,27,9,2,"R$152,00 BRL",1.22551,708536560751820,Gê Burger -> Digital Livre
2023-09-01,2023-09-30,25-34,"R$126,67 BRL",40496,"R$3,13 BRL",231,"0,57%",0.054326,22,5,6,"R$96,18 BRL",0.759296,708536560751820,Gê Burger -> Digital Livre
2023-09-01,2023-09-30,35-44,"R$69,44 BRL",21330,"R$3,26 BRL",141,"0,66%",0.084388,18,9,,,,708536560751820,Gê Burger -> Digital Livre
2023-09-01,2023-09-30,45-54,"R$40,84 BRL",11312,"R$3,61 BRL",92,"0,81%",0.070721,8,1,,,,708536560751820,Gê Burger -> Digital Livre
2023-09-01,2023-09-30,55-64,"R$5,26 BRL",1132,"R$4,65 BRL",15,"1,33%",0.530035,6,4,,,,708536560751820,Gê Burger -> Digital Livre
2023-09-01,2023-09-30,65+,"R$1,33 BRL",236,"R$5,64 BRL",4,"1,69%",1.271186,3,1,,,,708536560751820,Gê Burger -> Digital Livre
2023-10-01,2023-10-31,18-24,"R$203,76 BRL",81696,"R$2,49 BRL",597,"0,73%",0.178711,146,73,8,"R$212,34 BRL",1.042108,708536560751820,Gê Burger -> Digital Livre
2023-10-01,2023-10-31,25-34,"R$241,49 BRL",72592,"R$3,33 BRL",671,"0,92%",0.243829,177,106,2,"R$159,50 BRL",0.660483,708536560751820,Gê Burger -> Digital Livre
2023-10-01,2023-10-31,35-44,"R$149,77 BRL",35357,"R$4,24 BRL",446,"1,26%",0.370507,131,84,10,"R$293,20 BRL",1.957668,708536560751820,Gê Burger -> Digital Livre
2023-10-01,2023-10-31,45-54,"R$58,48 BRL",13696,"R$4,27 BRL",208,"1,52%",0.511098,70,55,3,"R$56,90 BRL",0.972982,708536560751820,Gê Burger -> Digital Livre
2023-10-01,2023-10-31,55-64,"R$21,87 BRL",5069,"R$4,31 BRL",77,"1,52%",0.512922,26,15,,,,708536560751820,Gê Burger -> Digital Livre
2023-10-01,2023-10-31,65+,"R$9,29 BRL",2411,"R$3,85 BRL",20,"0,83%",0.207383,5,,,,,708536560751820,Gê Burger -> Digital Livre
2023-11-01,2023-11-30,18-24,"R$106,67 BRL",53129,"R$2,01 BRL",338,"0,64%",0.14493,77,22,2,"R$73,80 BRL",0.691853,708536560751820,Gê Burger -> Digital Livre
2023-11-01,2023-11-30,25-34,"R$168,02 BRL",66513,"R$2,53 BRL",515,"0,77%",0.208982,139,43,4,"R$83,75 BRL",0.498453,708536560751820,Gê Burger -> Digital Livre
2023-11-01,2023-11-30,35-44,"R$162,55 BRL",63783,"R$2,55 BRL",528,"0,83%",0.197545,126,36,,,,708536560751820,Gê Burger -> Digital Livre
2023-11-01,2023-11-30,45-54,"R$134,16 BRL",45430,"R$2,95 BRL",485,"1,07%",0.310368,141,47,2,"R$31,90 BRL",0.237776,708536560751820,Gê Burger -> Digital Livre
2023-11-01,2023-11-30,55-64,"R$123,96 BRL",32601,"R$3,80 BRL",411,"1,26%",0.582804,190,74,2,"R$63,85 BRL",0.515086,708536560751820,Gê Burger -> Digital Livre
2023-11-01,2023-11-30,65+,"R$149,44 BRL",18898,"R$7,91 BRL",341,"1,80%",1.090062,206,103,,,,708536560751820,Gê Burger -> Digital Livre
2023-12-01,2023-12-31,18-24,"R$106,22 BRL",68129,"R$1,56 BRL",224,"0,33%",0.168797,115,52,8,"R$289,06 BRL",2.721333,708536560751820,Gê Burger -> Digital Livre
2023-12-01,2023-12-31,25-34,"R$118,40 BRL",48676,"R$2,43 BRL",253,"0,52%",0.244474,119,58,8,"R$178,90 BRL",1.51098,708536560751820,Gê Burger -> Digital Livre
2023-12-01,2023-12-31,35-44,"R$92,48 BRL",28948,"R$3,19 BRL",240,"0,83%",0.45599,132,76,6,"R$176,19 BRL",1.905169,708536560751820,Gê Burger -> Digital Livre
2023-12-01,2023-12-31,45-54,"R$68,84 BRL",20878,"R$3,30 BRL",200,"0,96%",0.613086,128,60,4,"R$70,56 BRL",1.024985,708536560751820,Gê Burger -> Digital Livre
2023-12-01,2023-12-31,55-64,"R$77,67 BRL",19435,"R$4,00 BRL",206,"1,06%",0.735786,143,84,,,,708536560751820,Gê Burger -> Digital Livre
2023-12-01,2023-12-31,65+,"R$103,14 BRL",15590,"R$6,62 BRL",269,"1,73%",1.456062,227,136,,,,708536560751820,Gê Burger -> Digital Livre
2024-01-01,2024-01-31,18-24,"R$135,21 BRL",54888,"R$2,46 BRL",311,"0,57%",0.296968,163,42,6,"R$162,40 BRL",1.201095,708536560751820,Gê Burger -> Digital Livre
2024-01-01,2024-01-31,25-34,"R$230,74 BRL",86855,"R$2,66 BRL",509,"0,59%",0.313166,272,94,10,"R$480,00 BRL",2.080264,708536560751820,Gê Burger -> Digital Livre
2024-01-01,2024-01-31,35-44,"R$194,55 BRL",64643,"R$3,01 BRL",504,"0,78%",0.428507,277,107,2,"R$41,00 BRL",0.210743,708536560751820,Gê Burger -> Digital Livre
2024-01-01,2024-01-31,45-54,"R$74,31 BRL",20785,"R$3,58 BRL",104,"0,50%",0.235747,49,12,,,,708536560751820,Gê Burger -> Digital Livre
2024-01-01,2024-01-31,55-64,"R$41,87 BRL",10143,"R$4,13 BRL",43,"0,42%",0.246475,25,,,,,708536560751820,Gê Burger -> Digital Livre
2024-01-01,2024-01-31,65+,"R$32,87 BRL",6598,"R$4,98 BRL",35,"0,53%",0.287966,19,,,,,708536560751820,Gê Burger -> Digital Livre
2024-02-01,2024-02-29,18-24,"R$85,57 BRL",27175,"R$3,15 BRL",246,"0,91%",0.50782,138,,2,"R$69,00 BRL",0.806357,708536560751820,Gê Burger -> Digital Livre
2024-02-01,2024-02-29,25-34,"R$185,61 BRL",49225,"R$3,77 BRL",338,"0,69%",0.369731,182,,1,"R$56,00 BRL",0.301708,708536560751820,Gê Burger -> Digital Livre
2024-02-01,2024-02-29,35-44,"R$200,08 BRL",35921,"R$5,57 BRL",327,"0,91%",0.431502,155,,3,"R$75,00 BRL",0.37485,708536560751820,Gê Burger -> Digital Livre
2024-02-01,2024-02-29,45-54,"R$138,87 BRL",20851,"R$6,66 BRL",214,"1,03%",0.489185,102,,,,,708536560751820,Gê Burger -> Digital Livre
2024-02-01,2024-02-29,55-64,"R$79,61 BRL",11247,"R$7,08 BRL",175,"1,56%",0.729083,82,,,,,708536560751820,Gê Burger -> Digital Livre
2024-02-01,2024-02-29,65+,"R$47,16 BRL",5703,"R$8,27 BRL",79,"1,39%",0.648781,37,,,,,708536560751820,Gê Burger -> Digital Livre
2024-03-01,2024-03-31,18-24,"R$111,93 BRL",36450,"R$3,07 BRL",326,"0,89%",0.356653,130,1,,,,708536560751820,Gê Burger -> Digital Livre
2024-03-01,2024-03-31,25-34,"R$281,94 BRL",72992,"R$3,86 BRL",760,"1,04%",0.430184,314,,5,"R$226,00 BRL",0.801589,708536560751820,Gê Burger -> Digital Livre
2024-03-01,2024-03-31,35-44,"R$275,21 BRL",47974,"R$5,74 BRL",590,"1,23%",0.460666,221,,,,,708536560751820,Gê Burger -> Digital Livre
2024-03-01,2024-03-31,45-54,"R$93,42 BRL",16925,"R$5,52 BRL",156,"0,92%",0.395864,67,,,,,708536560751820,Gê Burger -> Digital Livre
2024-03-01,2024-03-31,55-64,"R$10,15 BRL",4369,"R$2,32 BRL",13,"0,30%",0.114443,5,,,,,708536560751820,Gê Burger -> Digital Livre
2024-03-01,2024-03-31,65+,"R$5,74 BRL",2278,"R$2,52 BRL",8,"0,35%",0.175593,4,,,,,708536560751820,Gê Burger -> Digital Livre
2024-04-01,2024-04-30,18-24,"R$124,05 BRL",53926,"R$2,30 BRL",335,"0,62%",0.255906,138,,,,,708536560751820,Gê Burger -> Digital Livre
2024-04-01,2024-04-30,25-34,"R$276,35 BRL",95171,"R$2,90 BRL",788,"0,83%",0.344643,328,2,2,"R$25,00 BRL",0.090465,708536560751820,Gê Burger -> Digital Livre
2024-04-01,2024-04-30,35-44,"R$232,82 BRL",52030,"R$4,47 BRL",533,"1,02%",0.436287,227,,,,,708536560751820,Gê Burger -> Digital Livre
2024-04-01,2024-04-30,45-54,"R$75,80 BRL",17916,"R$4,23 BRL",165,"0,92%",0.379549,68,1,,,,708536560751820,Gê Burger -> Digital Livre
2024-04-01,2024-04-30,55-64,"R$6,95 BRL",3186,"R$2,18 BRL",10,"0,31%",0.188324,6,,,,,708536560751820,Gê Burger -> Digital Livre
2024-04-01,2024-04-30,65+,"R$3,86 BRL",1699,"R$2,27 BRL",2,"0,12%",0.058858,1,,,,,708536560751820,Gê Burger -> Digital Livre
2024-05-01,2024-05-31,18-24,"R$621,06 BRL",306249,"R$2,03 BRL",1230,"0,40%",0.211593,648,138,33,"R$77.234,96 BRL",124.359901,708536560751820,Gê Burger -> Digital Livre
2024-05-01,2024-05-31,25-34,"R$950,60 BRL",378781,"R$2,51 BRL",2004,"0,53%",0.230476,873,206,31,"R$47.172,30 BRL",49.623711,708536560751820,Gê Burger -> Digital Livre
2024-05-01,2024-05-31,35-44,"R$585,62 BRL",171762,"R$3,41 BRL",1062,"0,62%",0.253257,435,91,29,"R$74.835,56 BRL",127.7886,708536560751820,Gê Burger -> Digital Livre
2024-05-01,2024-05-31,45-54,"R$118,99 BRL",48058,"R$2,48 BRL",213,"0,44%",0.17895,86,18,2,"R$131,00 BRL",1.100933,708536560751820,Gê Burger -> Digital Livre
2024-06-01,2024-06-30,18-24,"R$693,29 BRL",371855,"R$1,86 BRL",1220,"0,33%",0.147638,549,127,33,"R$68.497,30 BRL",98.800358,708536560751820,Gê Burger -> Digital Livre
2024-06-01,2024-06-30,25-34,"R$874,83 BRL",347366,"R$2,52 BRL",1562,"0,45%",0.192592,669,167,39,"R$104.086,30 BRL",118.978887,708536560751820,Gê Burger -> Digital Livre
2024-06-01,2024-06-30,35-44,"R$494,42 BRL",140606,"R$3,52 BRL",756,"0,54%",0.209806,295,90,10,"R$39.130,60 BRL",79.144452,708536560751820,Gê Burger -> Digital Livre
2024-06-01,2024-06-30,45-54,"R$105,38 BRL",36419,"R$2,89 BRL",165,"0,45%",0.194953,71,14,,,,708536560751820,Gê Burger -> Digital Livre
2024-07-01,2024-07-31,18-24,"R$761,35 BRL",429403,"R$1,77 BRL",1390,"0,32%",0.138099,593,137,24,"R$62.062,60 BRL",81.516517,708536560751820,Gê Burger -> Digital Livre
2024-07-01,2024-07-31,25-34,"R$971,97 BRL",370281,"R$2,62 BRL",1874,"0,51%",0.196337,727,145,43,"R$108.143,00 BRL",111.261664,708536560751820,Gê Burger -> Digital Livre
2024-07-01,2024-07-31,35-44,"R$538,56 BRL",138895,"R$3,88 BRL",847,"0,61%",0.239749,333,64,14,"R$29.932,60 BRL",55.578951,708536560751820,Gê Burger -> Digital Livre
2024-07-01,2024-07-31,45-54,"R$110,60 BRL",30184,"R$3,66 BRL",143,"0,47%",0.20872,63,15,,,,708536560751820,Gê Burger -> Digital Livre
2024-08-01,2024-08-31,18-24,"R$1.125,31 BRL",491548,"R$2,29 BRL",2534,"0,52%",0.178823,879,263,68,"R$156.645,80 BRL",139.202353,708536560751820,Gê Burger -> Digital Livre
2024-08-01,2024-08-31,25-34,"R$1.460,88 BRL",402369,"R$3,63 BRL",3053,"0,76%",0.27189,1094,306,103,"R$225.701,00 BRL",154.496605,708536560751820,Gê Burger -> Digital Livre
2024-08-01,2024-08-31,35-44,"R$814,87 BRL",144610,"R$5,63 BRL",1349,"0,93%",0.342991,496,167,23,"R$83.587,40 BRL",102.577589,708536560751820,Gê Burger -> Digital Livre
2024-08-01,2024-08-31,45-54,"R$120,78 BRL",23543,"R$5,13 BRL",169,"0,72%",0.284586,67,10,6,"R$6.265,90 BRL",51.878622,708536560751820,Gê Burger -> Digital Livre
2024-08-01,2024-08-31,55-64,"R$3,92 BRL",2818,"R$1,39 BRL",3,"0,11%",0.070972,2,,,,,708536560751820,Gê Burger -> Digital Livre
2024-08-01,2024-08-31,65+,"R$1,44 BRL",1165,"R$1,24 BRL",2,"0,17%",0.085837,1,,,,,708536560751820,Gê Burger -> Digital Livre
2024-09-01,2024-09-30,18-24,"R$360,52 BRL",101370,"R$3,56 BRL",1014,"1,00%",0.34231,347,119,38,"R$91.202,90 BRL",252.975979,708536560751820,Gê Burger -> Digital Livre
2024-09-01,2024-09-30,25-34,"R$657,38 BRL",119663,"R$5,49 BRL",1685,"1,41%",0.526479,630,238,51,"R$194.950,33 BRL",296.556527,708536560751820,Gê Burger -> Digital Livre
2024-09-01,2024-09-30,35-44,"R$357,43 BRL",41665,"R$8,58 BRL",691,"1,66%",0.648026,270,102,20,"R$72.680,57 BRL",203.342109,708536560751820,Gê Burger -> Digital Livre
2024-09-01,2024-09-30,45-54,"R$56,89 BRL",5510,"R$10,32 BRL",82,"1,49%",0.76225,42,4,,,,708536560751820,Gê Burger -> Digital Livre
2024-09-01,2024-09-30,55-64,"R$0,15 BRL",177,"R$0,85 BRL",0,"0,00%",,,,,,,708536560751820,Gê Burger -> Digital Livre
2024-09-01,2024-09-30,65+,"R$0,17 BRL",105,"R$1,62 BRL",0,"0,00%",,,,,,,708536560751820,Gê Burger -> Digital Livre
2024-10-01,2024-10-31,18-24,"R$504,57 BRL",231859,"R$2,18 BRL",1945,"0,84%",0.233763,542,244,42,"R$136.114,60 BRL",269.763561,708536560751820,Gê Burger -> Digital Livre
2024-10-01,2024-10-31,25-34,"R$937,42 BRL",297512,"R$3,15 BRL",3947,"1,33%",0.301164,896,475,125,"R$381.898,18 BRL",407.392823,708536560751820,Gê Burger -> Digital Livre
2024-10-01,2024-10-31,35-44,"R$678,90 BRL",139432,"R$4,87 BRL",3033,"2,18%",0.44753,624,410,93,"R$300.915,00 BRL",443.239063,708536560751820,Gê Burger -> Digital Livre
2024-10-01,2024-10-31,45-54,"R$288,06 BRL",68563,"R$4,20 BRL",1982,"2,89%",0.386506,265,146,29,"R$79.556,50 BRL",276.18031,708536560751820,Gê Burger -> Digital Livre
2024-10-01,2024-10-31,55-64,"R$110,38 BRL",29254,"R$3,77 BRL",880,"3,01%",0.208518,61,27,1,"R$54,90 BRL",0.497373,708536560751820,Gê Burger -> Digital Livre
2024-10-01,2024-10-31,65+,"R$46,59 BRL",15131,"R$3,08 BRL",312,"2,06%",0.118961,18,2,,,,708536560751820,Gê Burger -> Digital Livre
2024-11-01,2024-11-30,18-24,"R$686,02 BRL",302166,"R$2,27 BRL",2435,"0,81%",0.221401,669,291,51,"R$129.032,90 BRL",188.089123,708536560751820,Gê Burger -> Digital Livre
2024-11-01,2024-11-30,25-34,"R$1.212,83 BRL",358688,"R$3,38 BRL",4703,"1,31%",0.317825,1140,621,141,"R$461.919,88 BRL",380.861192,708536560751820,Gê Burger -> Digital Livre
2024-11-01,2024-11-30,35-44,"R$1.015,36 BRL",173901,"R$5,84 BRL",3801,"2,19%",0.477858,831,530,118,"R$410.560,70 BRL",404.349886,708536560751820,Gê Burger -> Digital Livre
2024-11-01,2024-11-30,45-54,"R$410,15 BRL",72108,"R$5,69 BRL",2436,"3,38%",0.424363,306,188,22,"R$101.745,38 BRL",248.068707,708536560751820,Gê Burger -> Digital Livre
2024-11-01,2024-11-30,55-64,"R$142,44 BRL",16980,"R$8,39 BRL",1125,"6,63%",0.388693,66,31,12,"R$38.127,90 BRL",267.676917,708536560751820,Gê Burger -> Digital Livre
2024-11-01,2024-11-30,65+,"R$45,72 BRL",5462,"R$8,37 BRL",409,"7,49%",0.183083,10,4,,,,708536560751820,Gê Burger -> Digital Livre
2024-11-01,2024-11-30,Unknown,"R$0,00 BRL",0,,0,,,,1,,,,708536560751820,Gê Burger -> Digital Livre
2024-12-01,2024-12-31,18-24,"R$797,61 BRL",427268,"R$1,87 BRL",2634,"0,62%",0.179513,767,329,50,"R$153.685,80 BRL",192.68289,708536560751820,Gê Burger -> Digital Livre
2024-12-01,2024-12-31,25-34,"R$1.256,84 BRL",475918,"R$2,64 BRL",4498,"0,95%",0.241218,1148,628,149,"R$463.616,65 BRL",368.874837,708536560751820,Gê Burger -> Digital Livre
2024-12-01,2024-12-31,35-44,"R$1.022,76 BRL",240251,"R$4,26 BRL",3689,"1,54%",0.358375,861,548,111,"R$386.220,60 BRL",377.625836,708536560751820,Gê Burger -> Digital Livre
2024-12-01,2024-12-31,45-54,"R$486,72 BRL",117488,"R$4,14 BRL",2499,"2,13%",0.333651,392,222,28,"R$72.201,25 BRL",148.342476,708536560751820,Gê Burger -> Digital Livre
2024-12-01,2024-12-31,55-64,"R$138,22 BRL",23610,"R$5,85 BRL",1138,"4,82%",0.228717,54,18,5,"R$12.717,20 BRL",92.006945,708536560751820,Gê Burger -> Digital Livre
2024-12-01,2024-12-31,65+,"R$48,69 BRL",7290,"R$6,68 BRL",528,"7,24%",0.493827,36,10,1,"R$113,40 BRL",2.32902,708536560751820,Gê Burger -> Digital Livre
2024-12-01,2024-12-31,Unknown,"R$0,00 BRL",0,,0,,,,2,,,,708536560751820,Gê Burger -> Digital Livre
2025-01-01,2025-01-31,18-24,"R$814,57 BRL",476852,"R$1,71 BRL",3578,"0,75%",0.169445,808,365,35,"R$103.442,90 BRL",126.990805,708536560751820,Gê Burger -> Digital Livre
2025-01-01,2025-01-31,25-34,"R$1.484,72 BRL",605371,"R$2,45 BRL",5950,"0,98%",0.222508,1347,748,133,"R$406.838,35 BRL",274.016885,708536560751820,Gê Burger -> Digital Livre
2025-01-01,2025-01-31,35-44,"R$1.369,34 BRL",363877,"R$3,76 BRL",5122,"1,41%",0.312743,1138,683,88,"R$257.215,05 BRL",187.838703,708536560751820,Gê Burger -> Digital Livre
2025-01-01,2025-01-31,45-54,"R$728,58 BRL",215486,"R$3,38 BRL",3458,"1,60%",0.313245,675,394,59,"R$207.351,30 BRL",284.596475,708536560751820,Gê Burger -> Digital Livre
2025-01-01,2025-01-31,55-64,"R$157,27 BRL",31425,"R$5,00 BRL",1438,"4,58%",0.257757,81,36,5,"R$6.568,40 BRL",41.765117,708536560751820,Gê Burger -> Digital Livre
2025-01-01,2025-01-31,65+,"R$51,19 BRL",8204,"R$6,24 BRL",581,"7,08%",0.255973,21,,,,,708536560751820,Gê Burger -> Digital Livre
2025-01-01,2025-01-31,Unknown,"R$0,00 BRL",0,,0,,,,3,,,,708536560751820,Gê Burger -> Digital Livre
2025-02-01,2025-02-28,18-24,"R$846,50 BRL",389044,"R$2,18 BRL",2545,"0,65%",0.146513,570,212,21,"R$81.744,10 BRL",96.567159,708536560751820,Gê Burger -> Digital Livre
2025-02-01,2025-02-28,25-34,"R$1.341,14 BRL",446828,"R$3,00 BRL",3620,"0,81%",0.190006,849,385,73,"R$152.780,40 BRL",113.918308,708536560751820,Gê Burger -> Digital Livre
2025-02-01,2025-02-28,35-44,"R$1.049,44 BRL",226484,"R$4,63 BRL",2518,"1,11%",0.249024,564,316,58,"R$205.452,20 BRL",195.773174,708536560751820,Gê Burger -> Digital Livre
2025-02-01,2025-02-28,45-54,"R$464,88 BRL",131015,"R$3,55 BRL",1689,"1,29%",0.168683,221,114,14,"R$40.600,50 BRL",87.335441,708536560751820,Gê Burger -> Digital Livre
2025-02-01,2025-02-28,55-64,"R$120,40 BRL",24695,"R$4,88 BRL",827,"3,35%",0.166026,41,17,,,,708536560751820,Gê Burger -> Digital Livre
2025-02-01,2025-02-28,65+,"R$45,59 BRL",8260,"R$5,52 BRL",387,"4,69%",0.242131,20,2,,,,708536560751820,Gê Burger -> Digital Livre
2025-02-01,2025-02-28,Unknown,"R$0,00 BRL",0,,0,,,,1,,,,708536560751820,Gê Burger -> Digital Livre
2025-03-01,2025-03-31,18-24,"R$937,48 BRL",467521,"R$2,01 BRL",1962,"0,42%",0.099675,466,174,21,"R$98.921,40 BRL",105.518411,708536560751820,Gê Burger -> Digital Livre
2025-03-01,2025-03-31,25-34,"R$1.213,96 BRL",447396,"R$2,71 BRL",2710,"0,61%",0.130086,582,280,36,"R$118.847,00 BRL",97.90026,708536560751820,Gê Burger -> Digital Livre
2025-03-01,2025-03-31,35-44,"R$893,01 BRL",234682,"R$3,81 BRL",1725,"0,74%",0.166182,390,171,14,"R$45.104,50 BRL",50.508393,708536560751820,Gê Burger -> Digital Livre
2025-03-01,2025-03-31,45-54,"R$540,42 BRL",155639,"R$3,47 BRL",1306,"0,84%",0.133,207,67,4,"R$23.246,91 BRL",43.016376,708536560751820,Gê Burger -> Digital Livre
2025-03-01,2025-03-31,55-64,"R$216,59 BRL",47330,"R$4,58 BRL",645,"1,36%",0.105641,50,6,,,,708536560751820,Gê Burger -> Digital Livre
2025-03-01,2025-03-31,65+,"R$106,80 BRL",20795,"R$5,14 BRL",372,"1,79%",0.139457,29,4,,,,708536560751820,Gê Burger -> Digital Livre
2025-03-01,2025-03-31,Unknown,"R$0,00 BRL",0,,0,,,,,1,"R$9.470,00 BRL",,708536560751820,Gê Burger -> Digital Livre
2025-04-01,2025-04-30,18-24,"R$458,59 BRL",251231,"R$1,83 BRL",1039,"0,41%",0.094734,238,108,25,"R$83.598,80 BRL",182.295296,708536560751820,Gê Burger -> Digital Livre
2025-04-01,2025-04-30,25-34,"R$673,48 BRL",304805,"R$2,21 BRL",1757,"0,58%",0.11778,359,207,30,"R$91.065,92 BRL",135.216963,708536560751820,Gê Burger -> Digital Livre
2025-04-01,2025-04-30,35-44,"R$544,30 BRL",176369,"R$3,09 BRL",1285,"0,73%",0.149686,264,150,28,"R$74.476,70 BRL",136.830241,708536560751820,Gê Burger -> Digital Livre
2025-04-01,2025-04-30,45-54,"R$403,90 BRL",117622,"R$3,43 BRL",991,"0,84%",0.175987,207,118,11,"R$43.991,80 BRL",108.917554,708536560751820,Gê Burger -> Digital Livre
2025-04-01,2025-04-30,55-64,"R$179,09 BRL",41161,"R$4,35 BRL",405,"0,98%",0.148199,61,17,2,"R$9.029,40 BRL",50.418225,708536560751820,Gê Burger -> Digital Livre
2025-04-01,2025-04-30,65+,"R$103,09 BRL",21870,"R$4,71 BRL",227,"1,04%",0.128029,28,5,,,,708536560751820,Gê Burger -> Digital Livre
2025-05-01,2025-05-31,18-24,"R$419,50 BRL",160302,"R$2,62 BRL",1091,"0,68%",0.199623,320,167,10,"R$20.953,70 BRL",49.949225,708536560751820,Gê Burger -> Digital Livre
2025-05-01,2025-05-31,25-34,"R$843,49 BRL",210303,"R$4,01 BRL",2259,"1,07%",0.309078,650,416,58,"R$202.598,38 BRL",240.190613,708536560751820,Gê Burger -> Digital Livre
2025-05-01,2025-05-31,35-44,"R$756,75 BRL",119033,"R$6,36 BRL",1594,"1,34%",0.40997,488,308,49,"R$168.965,62 BRL",223.277991,708536560751820,Gê Burger -> Digital Livre
2025-05-01,2025-05-31,45-54,"R$451,11 BRL",60259,"R$7,49 BRL",977,"1,62%",0.396621,239,131,9,"R$32.381,20 BRL",71.781162,708536560751820,Gê Burger -> Digital Livre
2025-05-01,2025-05-31,55-64,"R$169,95 BRL",17844,"R$9,52 BRL",438,"2,45%",0.509975,91,43,4,"R$15.190,40 BRL",89.381583,708536560751820,Gê Burger -> Digital Livre
2025-05-01,2025-05-31,65+,"R$70,20 BRL",7476,"R$9,39 BRL",183,"2,45%",0.401284,30,7,,,,708536560751820,Gê Burger -> Digital Livre
2025-05-01,2025-05-31,Unknown,"R$0,00 BRL",0,,0,,,,1,,,,708536560751820,Gê Burger -> Digital Livre
2025-06-01,2025-06-30,18-24,"R$346,80 BRL",93402,"R$3,71 BRL",627,"0,67%",0.290144,271,127,16,"R$1.065,60 BRL",3.072664,708536560751820,Gê Burger -> Digital Livre
2025-06-01,2025-06-30,25-34,"R$751,54 BRL",148263,"R$5,07 BRL",1178,"0,79%",0.353426,524,273,28,"R$2.455,42 BRL",3.267185,708536560751820,Gê Burger -> Digital Livre
2025-06-01,2025-06-30,35-44,"R$691,90 BRL",90660,"R$7,63 BRL",835,"0,92%",0.415839,377,155,23,"R$2.299,00 BRL",3.322735,708536560751820,Gê Burger -> Digital Livre
2025-06-01,2025-06-30,45-54,"R$551,56 BRL",55097,"R$10,01 BRL",617,"1,12%",0.504565,278,102,5,"R$386,50 BRL",0.70074,708536560751820,Gê Burger -> Digital Livre
2025-06-01,2025-06-30,55-64,"R$347,70 BRL",31888,"R$10,90 BRL",335,"1,05%",0.523708,167,42,3,"R$243,20 BRL",0.699454,708536560751820,Gê Burger -> Digital Livre
2025-06-01,2025-06-30,65+,"R$145,04 BRL",14359,"R$10,10 BRL",162,"1,13%",0.612856,88,16,1,"R$38,00 BRL",0.261997,708536560751820,Gê Burger -> Digital Livre
2025-06-01,2025-06-30,Unknown,"R$0,00 BRL",0,,0,,,,,1,"R$112,40 BRL",,708536560751820,Gê Burger -> Digital Livre
2025-07-01,2025-07-31,18-24,"R$675,58 BRL",187411,"R$3,60 BRL",1682,"0,90%",0.372443,698,349,16,"R$1.261,70 BRL",1.86758,708536560751820,Gê Burger -> Digital Livre
2025-07-01,2025-07-31,25-34,"R$1.189,82 BRL",269463,"R$4,42 BRL",2100,"0,78%",0.352182,949,527,37,"R$3.222,60 BRL",2.708477,708536560751820,Gê Burger -> Digital Livre
2025-07-01,2025-07-31,35-44,"R$849,24 BRL",134816,"R$6,30 BRL",1102,"0,82%",0.343431,463,183,22,"R$2.318,60 BRL",2.730206,708536560751820,Gê Burger -> Digital Livre
2025-07-01,2025-07-31,45-54,"R$581,05 BRL",76342,"R$7,61 BRL",580,"0,76%",0.345812,264,49,4,"R$310,10 BRL",0.533689,708536560751820,Gê Burger -> Digital Livre
2025-07-01,2025-07-31,55-64,"R$395,17 BRL",47356,"R$8,34 BRL",377,"0,80%",0.358983,170,31,2,"R$107,90 BRL",0.273047,708536560751820,Gê Burger -> Digital Livre
2025-07-01,2025-07-31,65+,"R$190,08 BRL",23548,"R$8,07 BRL",194,"0,82%",0.373705,88,17,,,,708536560751820,Gê Burger -> Digital Livre
2025-07-01,2025-07-31,Unknown,"R$0,00 BRL",1,"R$0,00 BRL",0,"0,00%",,,2,1,"R$104,40 BRL",,708536560751820,Gê Burger -> Digital Livre
2025-08-01,2025-08-31,18-24,"R$807,23 BRL",207680,"R$3,89 BRL",1653,"0,80%",0.358243,744,387,29,"R$2.128,10 BRL",2.636299,708536560751820,Gê Burger -> Digital Livre
2025-08-01,2025-08-31,25-34,"R$1.257,52 BRL",277083,"R$4,54 BRL",2101,"0,76%",0.356572,988,505,39,"R$2.781,71 BRL",2.21206,708536560751820,Gê Burger -> Digital Livre
2025-08-01,2025-08-31,35-44,"R$722,62 BRL",119466,"R$6,05 BRL",929,"0,78%",0.376676,450,160,16,"R$1.318,80 BRL",1.825026,708536560751820,Gê Burger -> Digital Livre
2025-08-01,2025-08-31,45-54,"R$424,19 BRL",63353,"R$6,70 BRL",470,"0,74%",0.353574,224,37,5,"R$325,20 BRL",0.766638,708536560751820,Gê Burger -> Digital Livre
2025-08-01,2025-08-31,55-64,"R$275,01 BRL",37803,"R$7,27 BRL",286,"0,76%",0.388858,147,26,2,"R$202,90 BRL",0.737791,708536560751820,Gê Burger -> Digital Livre
2025-08-01,2025-08-31,65+,"R$159,41 BRL",20115,"R$7,92 BRL",181,"0,90%",0.52697,106,10,1,"R$87,50 BRL",0.548899,708536560751820,Gê Burger -> Digital Livre
2025-08-01,2025-08-31,Unknown,"R$0,00 BRL",2,"R$0,00 BRL",0,"0,00%",,,,,,,708536560751820,Gê Burger -> Digital Livre
2025-09-01,2025-09-30,18-24,"R$703,32 BRL",180516,"R$3,90 BRL",1307,"0,72%",0.320747,579,210,12,"R$1.211,90 BRL",1.723113,708536560751820,Gê Burger -> Digital Livre
2025-09-01,2025-09-30,25-34,"R$1.192,80 BRL",256900,"R$4,64 BRL",1910,"0,74%",0.347606,893,336,22,"R$1.831,60 BRL",1.535547,708536560751820,Gê Burger -> Digital Livre
2025-09-01,2025-09-30,35-44,"R$906,08 BRL",131587,"R$6,89 BRL",1112,"0,85%",0.383777,505,116,15,"R$1.310,70 BRL",1.446561,708536560751820,Gê Burger -> Digital Livre
2025-09-01,2025-09-30,45-54,"R$691,24 BRL",79416,"R$8,70 BRL",745,"0,94%",0.416793,331,74,5,"R$356,20 BRL",0.515306,708536560751820,Gê Burger -> Digital Livre
2025-09-01,2025-09-30,55-64,"R$411,38 BRL",42954,"R$9,58 BRL",416,"0,97%",0.423709,182,27,1,"R$63,90 BRL",0.155331,708536560751820,Gê Burger -> Digital Livre
2025-09-01,2025-09-30,65+,"R$215,94 BRL",21001,"R$10,28 BRL",207,"0,99%",0.376173,79,11,,,,708536560751820,Gê Burger -> Digital Livre
2025-09-01,2025-09-30,Unknown,"R$0,00 BRL",0,,0,,,,2,,,,708536560751820,Gê Burger -> Digital Livre
2025-10-01,2025-10-31,18-24,"R$928,23 BRL",212299,"R$4,37 BRL",1549,"0,73%",0.325484,691,156,18,"R$516,30 BRL",0.55622,708536560751820,Gê Burger -> Digital Livre
2025-10-01,2025-10-31,25-34,"R$1.325,95 BRL",229254,"R$5,78 BRL",1977,"0,86%",0.37513,860,199,35,"R$1.395,50 BRL",1.052453,708536560751820,Gê Burger -> Digital Livre
2025-10-01,2025-10-31,35-44,"R$1.073,78 BRL",125334,"R$8,57 BRL",1243,"0,99%",0.469146,588,116,29,"R$1.476,25 BRL",1.374816,708536560751820,Gê Burger -> Digital Livre
2025-10-01,2025-10-31,45-54,"R$908,46 BRL",84808,"R$10,71 BRL",943,"1,11%",0.508207,431,49,14,"R$566,65 BRL",0.623748,708536560751820,Gê Burger -> Digital Livre
2025-10-01,2025-10-31,55-64,"R$557,34 BRL",47971,"R$11,62 BRL",553,"1,15%",0.494048,237,24,2,"R$72,90 BRL",0.1308,708536560751820,Gê Burger -> Digital Livre
2025-10-01,2025-10-31,65+,"R$305,46 BRL",22800,"R$13,40 BRL",256,"1,12%",0.530702,121,8,2,"R$54,80 BRL",0.179402,708536560751820,Gê Burger -> Digital Livre
2025-10-01,2025-10-31,Unknown,"R$0,00 BRL",1,"R$0,00 BRL",0,"0,00%",,,2,,,,708536560751820,Gê Burger -> Digital Livre
2025-11-01,2025-11-30,18-24,"R$851,62 BRL",180744,"R$4,71 BRL",1184,"0,66%",0.31481,569,239,17,"R$531,10 BRL",0.623635,708536560751820,Gê Burger -> Digital Livre
2025-11-01,2025-11-30,25-34,"R$1.381,33 BRL",213589,"R$6,47 BRL",1790,"0,84%",0.403111,861,381,70,"R$3.333,86 BRL",2.413515,708536560751820,Gê Burger -> Digital Livre
2025-11-01,2025-11-30,35-44,"R$977,99 BRL",109569,"R$8,93 BRL",1085,"0,99%",0.463635,508,207,51,"R$2.790,32 BRL",2.853117,708536560751820,Gê Burger -> Digital Livre
2025-11-01,2025-11-30,45-54,"R$636,74 BRL",67849,"R$9,38 BRL",703,"1,04%",0.557119,378,97,12,"R$507,24 BRL",0.79662,708536560751820,Gê Burger -> Digital Livre
2025-11-01,2025-11-30,55-64,"R$329,35 BRL",42699,"R$7,71 BRL",366,"0,86%",0.480105,205,41,8,"R$376,20 BRL",1.14225,708536560751820,Gê Burger -> Digital Livre
2025-11-01,2025-11-30,65+,"R$178,72 BRL",23982,"R$7,45 BRL",228,"0,95%",0.437828,105,14,2,"R$73,40 BRL",0.410698,708536560751820,Gê Burger -> Digital Livre
2025-11-01,2025-11-30,Unknown,"R$0,00 BRL",2,"R$0,00 BRL",0,"0,00%",,,1,,,,708536560751820,Gê Burger -> Digital Livre
2025-12-01,2025-12-31,18-24,"R$868,63 BRL",221352,"R$3,92 BRL",1649,"0,74%",0.38807,859,210,28,"R$978,10 BRL",1.126026,708536560751820,Gê Burger -> Digital Livre
2025-12-01,2025-12-31,25-34,"R$1.377,16 BRL",273787,"R$5,03 BRL",2439,"0,89%",0.47263,1294,442,61,"R$2.588,60 BRL",1.879665,708536560751820,Gê Burger -> Digital Livre
2025-12-01,2025-12-31,35-44,"R$802,91 BRL",122560,"R$6,55 BRL",1187,"0,97%",0.518114,635,170,27,"R$1.103,30 BRL",1.374127,708536560751820,Gê Burger -> Digital Livre
2025-12-01,2025-12-31,45-54,"R$474,75 BRL",70933,"R$6,69 BRL",727,"1,02%",0.562503,399,104,10,"R$410,80 BRL",0.865298,708536560751820,Gê Burger -> Digital Livre
2025-12-01,2025-12-31,55-64,"R$262,18 BRL",42042,"R$6,24 BRL",407,"0,97%",0.558965,235,50,4,"R$173,80 BRL",0.662903,708536560751820,Gê Burger -> Digital Livre
2025-12-01,2025-12-31,65+,"R$144,42 BRL",21735,"R$6,64 BRL",206,"0,95%",0.611916,133,18,7,"R$235,30 BRL",1.629276,708536560751820,Gê Burger -> Digital Livre
2025-12-01,2025-12-31,Unknown,"R$0,01 BRL",2,"R$5,00 BRL",0,"0,00%",,,2,,,,708536560751820,Gê Burger -> Digital Livre
2026-01-01,2026-01-31,18-24,"R$516,76 BRL",206581,"R$2,50 BRL",1233,"0,60%",0.295768,611,207,12,"R$446,30 BRL",0.86365,708536560751820,Gê Burger -> Digital Livre
2026-01-01,2026-01-31,25-34,"R$1.053,43 BRL",288577,"R$3,65 BRL",2247,"0,78%",0.364201,1051,562,54,"R$2.524,20 BRL",2.396173,708536560751820,Gê Burger -> Digital Livre
2026-01-01,2026-01-31,35-44,"R$641,12 BRL",134507,"R$4,77 BRL",1173,"0,87%",0.46466,625,249,30,"R$1.308,30 BRL",2.040648,708536560751820,Gê Burger -> Digital Livre
2026-01-01,2026-01-31,45-54,"R$408,77 BRL",82948,"R$4,93 BRL",897,"1,08%",0.571442,474,146,20,"R$979,60 BRL",2.396458,708536560751820,Gê Burger -> Digital Livre
2026-01-01,2026-01-31,55-64,"R$225,84 BRL",50699,"R$4,45 BRL",490,"0,97%",0.544389,276,64,,,,708536560751820,Gê Burger -> Digital Livre
2026-01-01,2026-01-31,65+,"R$130,10 BRL",27121,"R$4,80 BRL",318,"1,17%",0.612072,166,28,4,"R$182,00 BRL",1.398924,708536560751820,Gê Burger -> Digital Livre
2026-02-01,2026-02-28,18-24,"R$648,14 BRL",213827,"R$3,03 BRL",1371,"0,64%",0.340462,728,137,23,"R$973,50 BRL",1.50199,708536560751820,Gê Burger -> Digital Livre
2026-02-01,2026-02-28,25-34,"R$1.215,42 BRL",287388,"R$4,23 BRL",2277,"0,79%",0.373015,1072,433,76,"R$3.358,41 BRL",2.763168,708536560751820,Gê Burger -> Digital Livre
2026-02-01,2026-02-28,35-44,"R$767,27 BRL",140111,"R$5,48 BRL",1288,"0,92%",0.432514,606,169,44,"R$2.528,40 BRL",3.29532,708536560751820,Gê Burger -> Digital Livre
2026-02-01,2026-02-28,45-54,"R$477,45 BRL",85655,"R$5,57 BRL",897,"1,05%",0.562723,482,123,14,"R$551,70 BRL",1.155514,708536560751820,Gê Burger -> Digital Livre
2026-02-01,2026-02-28,55-64,"R$256,56 BRL",50554,"R$5,07 BRL",518,"1,02%",0.547929,277,47,4,"R$123,80 BRL",0.482538,708536560751820,Gê Burger -> Digital Livre
2026-02-01,2026-02-28,65+,"R$160,55 BRL",25917,"R$6,19 BRL",304,"1,17%",0.682949,177,25,,,,708536560751820,Gê Burger -> Digital Livre
2026-02-01,2026-02-28,Unknown,"R$0,02 BRL",6,"R$3,33 BRL",0,"0,00%",,,2,2,"R$30,00 BRL",1500,708536560751820,Gê Burger -> Digital Livre
2026-03-01,2026-03-31,18-24,"R$773,42 BRL",394845,"R$1,96 BRL",1519,"0,38%",0.20717,818,235,24,"R$873,20 BRL",1.129011,708536560751820,Gê Burger -> Digital Livre
2026-03-01,2026-03-31,25-34,"R$1.275,26 BRL",428504,"R$2,98 BRL",2505,"0,58%",0.266042,1140,488,66,"R$2.954,30 BRL",2.316626,708536560751820,Gê Burger -> Digital Livre
2026-03-01,2026-03-31,35-44,"R$756,40 BRL",213681,"R$3,54 BRL",1282,"0,60%",0.270965,579,225,31,"R$1.575,80 BRL",2.083289,708536560751820,Gê Burger -> Digital Livre
2026-03-01,2026-03-31,45-54,"R$388,10 BRL",132173,"R$2,94 BRL",721,"0,55%",0.219409,290,86,8,"R$620,20 BRL",1.598042,708536560751820,Gê Burger -> Digital Livre
2026-03-01,2026-03-31,55-64,"R$221,46 BRL",84402,"R$2,62 BRL",467,"0,55%",0.229852,194,41,4,"R$280,00 BRL",1.264337,708536560751820,Gê Burger -> Digital Livre
2026-03-01,2026-03-31,65+,"R$114,63 BRL",43795,"R$2,62 BRL",247,"0,56%",0.22377,98,18,2,"R$55,50 BRL",0.484166,708536560751820,Gê Burger -> Digital Livre
2026-03-01,2026-03-31,Unknown,"R$0,07 BRL",34,"R$2,06 BRL",0,"0,00%",,,1,,,,708536560751820,Gê Burger -> Digital Livre
2026-04-01,2026-04-30,18-24,"R$751,53 BRL",349138,"R$2,15 BRL",1450,"0,42%",0.210805,736,193,15,"R$398,50 BRL",0.530252,708536560751820,Gê Burger -> Digital Livre
2026-04-01,2026-04-30,25-34,"R$1.475,67 BRL",413895,"R$3,57 BRL",2682,"0,65%",0.292828,1212,594,86,"R$3.360,07 BRL",2.276979,708536560751820,Gê Burger -> Digital Livre
2026-04-01,2026-04-30,35-44,"R$907,00 BRL",205891,"R$4,41 BRL",1499,"0,73%",0.339986,700,324,58,"R$2.577,05 BRL",2.84129,708536560751820,Gê Burger -> Digital Livre
2026-04-01,2026-04-30,45-54,"R$490,26 BRL",129163,"R$3,80 BRL",896,"0,69%",0.302718,391,126,10,"R$322,00 BRL",0.656794,708536560751820,Gê Burger -> Digital Livre
2026-04-01,2026-04-30,55-64,"R$264,99 BRL",84237,"R$3,15 BRL",520,"0,62%",0.254045,214,37,10,"R$306,60 BRL",1.157025,708536560751820,Gê Burger -> Digital Livre
2026-04-01,2026-04-30,65+,"R$154,77 BRL",44230,"R$3,50 BRL",333,"0,75%",0.336875,149,25,6,"R$202,02 BRL",1.305292,708536560751820,Gê Burger -> Digital Livre
2026-04-01,2026-04-30,Unknown,"R$0,04 BRL",20,"R$2,00 BRL",0,"0,00%",,,,,,,708536560751820,Gê Burger -> Digital Livre
2026-05-01,2026-05-31,18-24,"R$1.154,50 BRL",520797,"R$2,22 BRL",2018,"0,39%",0.254802,1327,172,18,"R$766,71 BRL",0.664106,708536560751820,Gê Burger -> Digital Livre
2026-05-01,2026-05-31,25-34,"R$1.781,13 BRL",519288,"R$3,43 BRL",2697,"0,52%",0.301759,1567,365,63,"R$2.521,53 BRL",1.415691,708536560751820,Gê Burger -> Digital Livre
2026-05-01,2026-05-31,35-44,"R$1.098,30 BRL",249139,"R$4,41 BRL",1397,"0,56%",0.326725,814,174,32,"R$1.768,24 BRL",1.609979,708536560751820,Gê Burger -> Digital Livre
2026-05-01,2026-05-31,45-54,"R$667,66 BRL",175469,"R$3,81 BRL",947,"0,54%",0.291789,512,69,13,"R$357,87 BRL",0.536006,708536560751820,Gê Burger -> Digital Livre
2026-05-01,2026-05-31,55-64,"R$383,88 BRL",125380,"R$3,06 BRL",654,"0,52%",0.298293,374,30,3,"R$73,00 BRL",0.190164,708536560751820,Gê Burger -> Digital Livre
2026-05-01,2026-05-31,65+,"R$269,16 BRL",72162,"R$3,73 BRL",412,"0,57%",0.320113,231,8,4,"R$91,00 BRL",0.338089,708536560751820,Gê Burger -> Digital Livre
2026-05-01,2026-05-31,Unknown,"R$0,04 BRL",12,"R$3,33 BRL",0,"0,00%",,,,,,,708536560751820,Gê Burger -> Digital Livre
2026-06-01,2026-06-30,18-24,"R$361,69 BRL",104290,"R$3,47 BRL",564,"0,54%",0.284783,297,50,8,"R$315,12 BRL",0.871243,708536560751820,Gê Burger -> Digital Livre
2026-06-01,2026-06-30,25-34,"R$1.007,23 BRL",196778,"R$5,12 BRL",1088,"0,55%",0.272388,536,180,54,"R$2.195,80 BRL",2.180038,708536560751820,Gê Burger -> Digital Livre
2026-06-01,2026-06-30,35-44,"R$697,60 BRL",112244,"R$6,22 BRL",716,"0,64%",0.300239,337,81,20,"R$908,50 BRL",1.302322,708536560751820,Gê Burger -> Digital Livre
2026-06-01,2026-06-30,45-54,"R$446,79 BRL",74366,"R$6,01 BRL",556,"0,75%",0.328107,244,61,10,"R$496,90 BRL",1.112156,708536560751820,Gê Burger -> Digital Livre
2026-06-01,2026-06-30,55-64,"R$247,36 BRL",49811,"R$4,97 BRL",373,"0,75%",0.307161,153,18,3,"R$96,00 BRL",0.388098,708536560751820,Gê Burger -> Digital Livre
2026-06-01,2026-06-30,65+,"R$172,60 BRL",27376,"R$6,30 BRL",248,"0,91%",0.416423,114,10,2,"R$91,00 BRL",0.527231,708536560751820,Gê Burger -> Digital Livre
2026-06-01,2026-06-30,Unknown,"R$0,12 BRL",12,"R$10,00 BRL",0,"0,00%",,,,,,,708536560751820,Gê Burger -> Digital Livre
2026-07-01,2026-07-31,18-24,"R$181,93 BRL",54615,"R$3,33 BRL",295,"0,54%",0.316763,173,21,4,"R$258,00 BRL",1.418128,708536560751820,Gê Burger -> Digital Livre
2026-07-01,2026-07-31,25-34,"R$484,69 BRL",98827,"R$4,90 BRL",595,"0,60%",0.312668,309,82,20,"R$950,20 BRL",1.960428,708536560751820,Gê Burger -> Digital Livre
2026-07-01,2026-07-31,35-44,"R$369,54 BRL",69698,"R$5,30 BRL",441,"0,63%",0.364429,254,35,10,"R$605,00 BRL",1.637171,708536560751820,Gê Burger -> Digital Livre
2026-07-01,2026-07-31,45-54,"R$290,65 BRL",54625,"R$5,32 BRL",491,"0,90%",0.439359,240,28,4,"R$205,90 BRL",0.708412,708536560751820,Gê Burger -> Digital Livre
2026-07-01,2026-07-31,55-64,"R$206,51 BRL",39426,"R$5,24 BRL",410,"1,04%",0.519961,205,39,3,"R$71,90 BRL",0.348167,708536560751820,Gê Burger -> Digital Livre
2026-07-01,2026-07-31,65+,"R$145,48 BRL",23705,"R$6,14 BRL",291,"1,23%",0.518878,123,9,,,,708536560751820,Gê Burger -> Digital Livre
2026-07-01,2026-07-31,Unknown,"R$0,06 BRL",19,"R$3,16 BRL",0,"0,00%",,,,,,,708536560751820,Gê Burger -> Digital Livre
2026-08-01,2026-08-21,18-24,"R$149,11 BRL",33021,"R$4,52 BRL",265,"0,80%",0.505739,167,19,,,,708536560751820,Gê Burger -> Digital Livre
2026-08-01,2026-08-21,25-34,"R$381,85 BRL",55191,"R$6,92 BRL",438,"0,79%",0.438477,242,62,11,"R$209,50 BRL",0.548645,708536560751820,Gê Burger -> Digital Livre
2026-08-01,2026-08-21,35-44,"R$297,55 BRL",30105,"R$9,88 BRL",313,"1,04%",0.561369,169,41,16,"R$732,20 BRL",2.460763,708536560751820,Gê Burger -> Digital Livre
2026-08-01,2026-08-21,45-54,"R$194,16 BRL",20358,"R$9,54 BRL",236,"1,16%",0.63857,130,29,8,"R$461,50 BRL",2.376906,708536560751820,Gê Burger -> Digital Livre
2026-08-01,2026-08-21,55-64,"R$133,18 BRL",13866,"R$9,60 BRL",235,"1,69%",1.161114,161,56,2,"R$105,00 BRL",0.788407,708536560751820,Gê Burger -> Digital Livre
2026-08-01,2026-08-21,65+,"R$81,88 BRL",7813,"R$10,48 BRL",170,"2,18%",1.548701,121,51,1,,,708536560751820,Gê Burger -> Digital Livre
2026-08-01,2026-08-21,Unknown,"R$0,01 BRL",1,"R$10,00 BRL",0,"0,00%",,,,,,,708536560751820,Gê Burger -> Digital Livre
