id,name,campaign_id,status,effective_status,delivery.status,delivery.substatuses,optimization_goal,bid_strategy,daily_budget,lifetime_budget,start_time,created_time,updated_time,attribution_setting,amount_spent,impressions,reach,frequency,cpm,clicks,ctr,website_ctr,actions:link_click,cost_per_link_click,landing_page_view,results,results_value,cost_per_result.value,actions:omni_purchase,omni_purchase_values,purchase_roas,end_time,results.indicator,results.value
120205274749630690,[P. FRIO][21 a 43],120205274749610690,PAUSED,PAUSED,off,"[""off""]",CONVERSATIONS,Highest volume,"R$30,00 BRL","R$0,00 BRL",2024-02-10T12:22:44-0300,2024-02-10T12:22:44-0300,2024-10-07T12:29:47-0300,1d_view_7d_click,"R$5.780,39 BRL",1003791,150739,6.659133,"R$5,76 BRL",12735,"1,27%",0.504786,5067,"R$1,14 BRL",346,actions:onsite_conversion.messaging_conversation_started_7d,1357,"R$4,26 BRL (Messaging conversations started)",195,"R$487.151,17 BRL",84.276523,,,
120233532890850690,ADV,120233532885890690,PAUSED,PAUSED,off,"[""off""]",CONVERSATIONS,Highest volume,"R$0,00 BRL","R$5.000,00 BRL",2025-10-08T15:47:07-0300,2025-10-08T15:47:07-0300,2026-02-25T17:01:01-0300,1d_view_7d_click,"R$4.999,96 BRL",701482,233860,2.999581,"R$7,13 BRL",10330,"1,47%",0.749556,5258,"R$0,95 BRL",338,actions:onsite_conversion.messaging_conversation_started_7d,1100,"R$4,55 BRL (Messaging conversations started)",45,"R$1.979,60 BRL",0.395923,2026-02-22T23:45:00-0300,,
120212327930300690,00 - FRIO - EX. SEGUIDORES,120212327930110690,ACTIVE,CAMPAIGN_PAUSED,inactive,"[""campaign_off""]",POST_ENGAGEMENT,Highest volume,"R$10,00 BRL","R$0,00 BRL",2024-10-04T15:44:07-0300,2024-10-04T15:44:07-0300,2025-04-23T22:02:06-0300,1d_view_7d_click,"R$4.484,67 BRL",1579725,469821,3.362398,"R$2,84 BRL",49269,"3,12%",0.083875,1325,"R$3,38 BRL",225,actions:post_engagement,283679,"R$0,02 BRL (Post engagements)",,,,,,
120212330723260690,QUENTE 30D,120212330723240690,ACTIVE,CAMPAIGN_PAUSED,inactive,"[""campaign_off""]",IMPRESSIONS,Highest volume,"R$10,00 BRL","R$0,00 BRL",2024-10-04T16:27:45-0300,2024-10-04T16:27:45-0300,2025-04-15T13:32:14-0300,1d_view_7d_click,"R$4.315,72 BRL",4645935,550962,8.432406,"R$0,93 BRL",7739,"0,17%",0.075485,3507,"R$1,23 BRL",1042,reach,550962,"R$7,83 BRL (Reach)",9,"R$22.024,80 BRL",5.103389,,,
120211840912890690,[P. FRIO] [GEOLOCALIZAÇÃO] [21 a 43],120211840808940690,ACTIVE,CAMPAIGN_PAUSED,inactive,"[""campaign_off""]",OFFSITE_CONVERSIONS,Highest volume,"R$40,00 BRL","R$0,00 BRL",2024-09-17T17:30:00-0300,2024-09-17T12:58:37-0300,2024-11-12T13:11:08-0300,1d_view_7d_click,"R$4.321,73 BRL",709037,156410,4.533195,"R$6,10 BRL",13644,"1,92%",0.690514,4896,"R$0,88 BRL",3622,actions:offsite_conversion.fb_pixel_purchase,688,"R$6,28 BRL (Website purchases)",688,"R$2.174.803,95 BRL",503.225317,,,
120239568773410690,ADV,120239568773420690,ACTIVE,CAMPAIGN_PAUSED,inactive,"[""campaign_off""]",OFFSITE_CONVERSIONS,,,,2026-01-23T12:57:41-0300,2026-01-23T12:57:40-0300,2026-04-03T23:29:26-0300,1d_view_7d_click_1d_ev,"R$3.597,66 BRL",519282,89041,5.831943,"R$6,93 BRL",5968,"1,15%",0.543828,2824,"R$1,27 BRL",2234,actions:offsite_conversion.fb_pixel_purchase,362,"R$9,94 BRL (Website purchases)",362,"R$16.232,87 BRL",4.512063,2026-05-03T23:45:00-0300,,
120212788305810690,FRIO GERAL 5 KM,120212332355730690,PAUSED,PAUSED,off,"[""off""]",OFFSITE_CONVERSIONS,Highest volume,"R$0,00 BRL","R$4.500,00 BRL",2024-10-21T09:57:56-0300,2024-10-21T09:57:56-0300,2025-05-19T10:45:26-0300,1d_view_7d_click,"R$3.203,97 BRL",486084,148878,3.264982,"R$6,59 BRL",9130,"1,88%",0.728681,3542,"R$0,90 BRL",2735,actions:offsite_conversion.fb_pixel_purchase,408,"R$7,85 BRL (Website purchases)",408,"R$1.272.330,20 BRL",397.110522,2025-06-30T23:55:00-0300,,
120229845840460690,[P. ADV][RAIO 5km],120229845840390690,ACTIVE,CAMPAIGN_PAUSED,inactive,"[""campaign_off""]",CONVERSATIONS,,,,2025-08-05T14:27:25-0300,2025-08-05T14:27:24-0300,2025-10-01T17:19:33-0300,1d_view_7d_click,"R$3.157,07 BRL",227382,83862,2.711383,"R$13,88 BRL",3513,"1,54%",0.647369,1472,"R$2,14 BRL",136,actions:onsite_conversion.messaging_conversation_started_7d,573,"R$5,51 BRL (Messaging conversations started)",38,"R$2.903,30 BRL",0.919619,2025-11-02T23:30:00-0300,,
120224523597450690,[P. FRIO][RAIO 5km],120224523597420690,ACTIVE,CAMPAIGN_PAUSED,inactive,"[""campaign_off""]",CONVERSATIONS,,,,2025-05-23T17:49:43-0300,2025-05-23T17:49:43-0300,2025-07-01T16:41:28-0300,1d_view_7d_click,"R$2.478,47 BRL",162620,62910,2.584963,"R$15,24 BRL",2410,"1,48%",0.590948,961,"R$2,58 BRL",143,actions:onsite_conversion.messaging_conversation_started_7d,481,"R$5,15 BRL (Messaging conversations started)",16,"R$1.386,20 BRL",0.559297,2025-07-31T23:00:00-0300,,
120233927906850690,ADV — Novos VD,120233532885890690,PAUSED,PAUSED,off,"[""off""]",CONVERSATIONS,Highest volume,"R$0,00 BRL","R$3.459,49 BRL",2025-10-14T13:36:24-0300,2025-10-14T13:36:23-0300,2025-12-19T13:19:30-0300,1d_view_7d_click,"R$2.252,64 BRL",206155,86712,2.377468,"R$10,93 BRL",2657,"1,29%",0.57093,1177,"R$1,91 BRL",138,actions:onsite_conversion.messaging_conversation_started_7d,354,"R$6,36 BRL (Messaging conversations started)",40,"R$1.579,20 BRL",0.701044,2026-01-04T23:45:00-0300,,
120233757591150690,ADV,120233757591140690,ACTIVE,CAMPAIGN_PAUSED,inactive,"[""campaign_off""]",OFFSITE_CONVERSIONS,,,,2025-10-11T23:12:56-0300,2025-10-11T23:12:56-0300,2025-12-02T13:06:19-0300,1d_view_7d_click_1d_ev,"R$2.247,74 BRL",297046,62059,4.78651,"R$7,57 BRL",3283,"1,11%",0.450772,1339,"R$1,68 BRL",1022,actions:offsite_conversion.fb_pixel_purchase,198,"R$11,35 BRL (Website purchases)",198,"R$8.961,92 BRL",3.98708,2026-01-04T23:50:00-0300,,
120241298805840690,ADV — [25.02],120233532885890690,PAUSED,PAUSED,off,"[""off""]",CONVERSATIONS,Highest volume,"R$0,00 BRL","R$2.300,00 BRL",2026-02-25T17:00:40-0300,2026-02-25T17:00:40-0300,2026-05-07T21:34:07-0300,1d_view_7d_click,"R$2.093,90 BRL",293480,117692,2.493627,"R$7,13 BRL",4477,"1,53%",0.778929,2286,"R$0,92 BRL",110,actions:onsite_conversion.messaging_conversation_started_7d,446,"R$4,69 BRL (Messaging conversations started)",12,"R$486,40 BRL",0.232294,2026-05-10T23:54:00-0300,,
120212332355760690,QUENTE - MIX - 30D,120212332355730690,PAUSED,PAUSED,off,"[""off""]",OFFSITE_CONVERSIONS,Highest volume,"R$0,00 BRL","R$2.800,00 BRL",2024-10-21T09:55:45-0300,2024-10-21T09:55:44-0300,2025-04-08T14:59:52-0300,1d_view_7d_click,"R$2.057,98 BRL",203818,25092,8.122828,"R$10,10 BRL",3018,"1,48%",0.662846,1351,"R$1,52 BRL",971,actions:offsite_conversion.fb_pixel_purchase,327,"R$6,29 BRL (Website purchases)",327,"R$1.114.776,40 BRL",541.684759,2025-05-31T23:55:00-0300,,
120237983806680690,ADV,120237983806670690,ACTIVE,CAMPAIGN_PAUSED,inactive,"[""campaign_off""]",OFFSITE_CONVERSIONS,,,,2025-12-19T15:02:44-0300,2025-12-19T15:02:44-0300,2026-01-17T18:44:37-0300,1d_view_7d_click_1d_ev,"R$1.933,90 BRL",339418,78819,4.306297,"R$5,70 BRL",3963,"1,17%",0.522365,1773,"R$1,09 BRL",1380,actions:offsite_conversion.fb_pixel_purchase,141,"R$13,72 BRL (Website purchases)",141,"R$6.291,00 BRL",3.253012,2026-02-22T23:45:00-0300,,
120246128291460690,ADV — [Quente Sugestão],120246128288360690,ACTIVE,ACTIVE,warning,"[""has_ad_creative_fatigue""]",OFFSITE_CONVERSIONS,,,,2026-05-20T20:35:48-0300,2026-05-20T20:35:48-0300,2026-08-12T19:17:08-0300,1d_view_7d_click,"R$1.911,67 BRL",192507,29223,6.587517,"R$9,93 BRL",1407,"0,73%",0.406738,783,"R$2,44 BRL",505,actions:offsite_conversion.fb_pixel_purchase,129,"R$14,82 BRL (Website purchases)",129,"R$5.617,73 BRL",2.938651,2026-08-31T23:27:00-0300,,
120208994788280690,[P. FRIO][INTERESSES][GEO 3KM],120203967962960690,PAUSED,PAUSED,off,"[""off""]",IMPRESSIONS,Highest volume,"R$15,01 BRL","R$0,00 BRL",2024-05-09T20:16:45-0300,2024-05-09T20:16:45-0300,2024-08-07T19:48:04-0300,1d_view_7d_click,"R$1.735,62 BRL",1332516,121816,10.93876,"R$1,30 BRL",1961,"0,15%",0.069793,930,"R$1,87 BRL",266,reach,121816,"R$14,25 BRL (Reach)",15,"R$42.650,30 BRL",24.573524,,,
120247411476940690,ADV — [Público Quente],120247411302050690,ACTIVE,ACTIVE,active,"[""active""]",CONVERSATIONS,,,,2026-06-04T20:06:20-0300,2026-06-04T20:06:20-0300,2026-08-17T23:23:33-0300,1d_view_7d_click,"R$1.597,09 BRL",145903,49945,2.921273,"R$10,95 BRL",2713,"1,86%",0.899913,1313,"R$1,22 BRL",78,actions:onsite_conversion.messaging_conversation_started_7d,422,"R$3,78 BRL (Messaging conversations started)",19,"R$692,40 BRL",0.433539,2026-08-30T23:30:00-0300,,
120229155767870690,ADV - [EXC SEGUIDORES] [EXC 2km],120227813792370690,PAUSED,PAUSED,off,"[""off""]",THRUPLAY,Highest volume,"R$20,00 BRL","R$0,00 BRL",2025-07-28T15:04:46-0300,2025-07-28T15:04:46-0300,2025-10-16T00:00:12-0300,1d_view_7d_click,"R$1.587,36 BRL",412131,187730,2.195339,"R$3,85 BRL",2290,"0,56%",0.118894,490,"R$3,24 BRL",27,video_thruplay_watched_actions,46527,"R$0,03 BRL (video_thruplay_watched_actions)",3,"R$218,20 BRL",0.137461,,,
120229845840380690,[P. FRIO][RAIO 5km],120229845840390690,ACTIVE,CAMPAIGN_PAUSED,inactive,"[""campaign_off""]",CONVERSATIONS,,,,2025-08-05T14:27:24-0300,2025-08-05T14:27:24-0300,2025-10-01T17:19:34-0300,1d_view_7d_click,"R$1.466,82 BRL",105538,49262,2.142382,"R$13,90 BRL",1686,"1,60%",0.673691,711,"R$2,06 BRL",95,actions:onsite_conversion.messaging_conversation_started_7d,330,"R$4,44 BRL (Messaging conversations started)",19,"R$1.305,70 BRL",0.890157,2025-11-02T23:30:00-0300,,
120210052197080690,[P. FRIO][EXC MORNO][18 a 40][TESTE GêBOX],120205274749610690,PAUSED,PAUSED,off,"[""off""]",CONVERSATIONS,Highest volume,"R$25,05 BRL","R$0,00 BRL",2024-06-19T17:11:02-0300,2024-06-19T17:11:02-0300,2024-09-17T12:48:09-0300,1d_view_7d_click,"R$1.441,93 BRL",247049,72496,3.40776,"R$5,84 BRL",3162,"1,28%",0.41004,1013,"R$1,42 BRL",52,actions:onsite_conversion.messaging_conversation_started_7d,254,"R$5,68 BRL (Messaging conversations started)",29,"R$98.013,40 BRL",67.973757,2024-08-31T23:00:00-0300,,
120241299170810690,ADV,120241299170800690,ACTIVE,CAMPAIGN_PAUSED,inactive,"[""campaign_off""]",REACH,,,,2026-02-25T17:21:42-0300,2026-02-25T17:21:42-0300,2026-02-25T17:21:59-0300,1d_view_7d_click,"R$1.356,14 BRL",1187340,336917,3.524132,"R$1,14 BRL",3297,"0,28%",0.047754,567,"R$2,39 BRL",4,actions:post_engagement,103168,"R$0,01 BRL (Post engagements)",,,,,,
120215485413290690,QUENTE - MIX - 30D,120215485413360690,PAUSED,PAUSED,off,"[""off""]",OFFSITE_CONVERSIONS,Highest volume,"R$0,00 BRL","R$1.900,00 BRL",2025-02-06T19:37:14-0300,2025-02-06T19:37:14-0300,2025-03-14T17:28:28-0300,1d_view_7d_click,"R$1.354,13 BRL",139321,11733,11.874286,"R$9,72 BRL",1466,"1,05%",0.460806,642,"R$2,11 BRL",400,actions:offsite_conversion.fb_pixel_purchase,99,"R$13,68 BRL (Website purchases)",99,"R$334.411,41 BRL",246.956651,2025-03-31T23:55:00-0300,,
120245245253740690,[Raio 3km],120245243455420690,ACTIVE,CAMPAIGN_PAUSED,inactive,"[""campaign_off""]",REACH,,,,2026-05-09T00:01:00-0300,2026-05-08T20:14:14-0300,2026-05-08T20:14:31-0300,1d_view_7d_click,"R$1.352,51 BRL",1127133,362721,3.107438,"R$1,20 BRL",3035,"0,27%",0.14009,1579,"R$0,86 BRL",3,reach,362721,"R$3,73 BRL (Reach)",,,,,,
120227744207850690,[P. SEMELHANTE IC][18 a 43],120227744207810690,ACTIVE,CAMPAIGN_PAUSED,inactive,"[""campaign_off""]",OFFSITE_CONVERSIONS,,,,2025-07-08T16:33:50-0300,2025-07-08T16:33:49-0300,2025-09-02T20:14:28-0300,1d_view_7d_click_1d_ev,"R$1.297,98 BRL",260712,56442,4.619113,"R$4,98 BRL",3386,"1,30%",0.540827,1410,"R$0,92 BRL",1153,actions:offsite_conversion.fb_pixel_purchase,84,"R$15,45 BRL (Website purchases)",84,"R$7.128,51 BRL",5.492003,2025-09-30T23:01:00-0300,,
120245173436600690,ADV — [Teste Público Quente],120233532885890690,ACTIVE,CAMPAIGN_PAUSED,inactive,"[""campaign_off""]",CONVERSATIONS,Highest volume,"R$0,00 BRL","R$1.250,00 BRL",2026-05-07T21:52:11-0300,2026-05-07T21:52:11-0300,2026-05-29T20:10:31-0300,1d_view_7d_click,"R$1.243,50 BRL",133352,67710,1.969458,"R$9,32 BRL",1738,"1,30%",0.703402,938,"R$1,33 BRL",53,actions:onsite_conversion.messaging_conversation_started_7d,221,"R$5,63 BRL (Messaging conversations started)",6,"R$189,00 BRL",0.15199,2026-05-31T23:02:00-0300,,
120217510222570690,FRIO - GERAL 3KM 10/03/25,120212792744250690,ACTIVE,CAMPAIGN_PAUSED,inactive,"[""campaign_off""]",CONVERSATIONS,Highest volume,"R$0,00 BRL","R$1.800,00 BRL",2025-03-10T13:13:46-0300,2025-03-10T13:13:46-0300,2025-04-30T19:07:23-0300,1d_view_7d_click,"R$1.186,03 BRL",143806,52100,2.760192,"R$8,25 BRL",1448,"1,01%",0.505542,727,"R$1,63 BRL",92,actions:onsite_conversion.messaging_conversation_started_7d,229,"R$5,18 BRL (Messaging conversations started)",23,"R$97.527,00 BRL",82.229792,2025-06-30T23:30:00-0300,,
120209501188910690,[P. FRIO SEMELHANTE IC][ABERTO][ALTEREI 07/08],120209501188780690,ACTIVE,CAMPAIGN_PAUSED,inactive,"[""campaign_off""]",IMPRESSIONS,Highest volume,"R$7,00 BRL","R$0,00 BRL",2024-05-22T13:37:45-0300,2024-05-22T13:37:45-0300,2024-08-27T00:04:51-0300,1d_view_7d_click,"R$1.172,27 BRL",1027179,287383,3.574251,"R$1,14 BRL",1146,"0,11%",0.06143,631,"R$1,86 BRL",175,reach,287383,"R$4,08 BRL (Reach)",5,"R$443,90 BRL",0.378667,,,
120225240581770690,[PROMO] - Quarta-Feira,120225170496270690,ACTIVE,CAMPAIGN_PAUSED,inactive,"[""campaign_off""]",REACH,Highest volume,"R$15,00 BRL","R$0,00 BRL",2025-06-04T17:24:45-0300,2025-06-04T17:24:45-0300,2026-04-22T00:08:05-0300,1d_view_7d_click,"R$1.134,00 BRL",922712,401816,2.296355,"R$1,23 BRL",1905,"0,21%",0.140672,1298,"R$0,87 BRL",370,reach,401816,"R$2,82 BRL (Reach)",1,"R$92,00 BRL",0.081129,,,
120200283214260690,[P. FRIO][20 a 45][GEO 3KM],120200283214200690,ACTIVE,CAMPAIGN_PAUSED,inactive,"[""campaign_off""]",LANDING_PAGE_VIEWS,Highest volume,"R$0,00 BRL","R$900,00 BRL",2023-11-02T00:14:40-0300,2023-11-02T00:14:40-0300,2024-01-19T12:10:24-0300,1d_view_7d_click,"R$900,00 BRL",249130,62412,3.9917,"R$3,61 BRL",2920,"1,17%",0.743788,1853,"R$0,49 BRL",951,actions:omni_landing_page_view,951,"R$0,95 BRL (Landing page views)",34,"R$1.024,45 BRL",1.138278,2024-01-31T23:00:56-0300,,
120225170496280690,[PROMO] - Terça-Feira,120225170496270690,ACTIVE,CAMPAIGN_PAUSED,inactive,"[""campaign_off""]",REACH,Highest volume,"R$15,00 BRL","R$0,00 BRL",2025-06-03T16:09:07-0300,2025-06-03T16:09:06-0300,2026-04-28T00:36:36-0300,1d_view_7d_click,"R$886,96 BRL",780384,324482,2.405015,"R$1,14 BRL",1650,"0,21%",0.139675,1090,"R$0,81 BRL",299,reach,324482,"R$2,73 BRL (Reach)",1,,,,,
120214475387120690,FRIO - GERAL 3KM 02/01/25,120212792744250690,PAUSED,PAUSED,off,"[""off""]",CONVERSATIONS,Highest volume,"R$0,00 BRL","R$900,00 BRL",2025-01-02T13:19:23-0300,2025-01-02T13:19:23-0300,2025-03-10T13:15:38-0300,1d_view_7d_click,"R$859,63 BRL",104516,37199,2.809645,"R$8,22 BRL",1221,"1,17%",0.506143,529,"R$1,63 BRL",58,actions:onsite_conversion.messaging_conversation_started_7d,249,"R$3,45 BRL (Messaging conversations started)",15,"R$32.031,50 BRL",37.261962,2025-03-15T16:30:00-0300,,
120228304333700690,[P. ADV][18 a 43],120227744207810690,ACTIVE,CAMPAIGN_PAUSED,inactive,"[""campaign_off""]",OFFSITE_CONVERSIONS,,,,2025-07-17T11:47:47-0300,2025-07-17T11:47:47-0300,2025-09-02T20:14:29-0300,1d_view_7d_click_1d_ev,"R$859,44 BRL",187493,45791,4.094538,"R$4,58 BRL",1835,"0,98%",0.503485,944,"R$0,91 BRL",774,actions:offsite_conversion.fb_pixel_purchase,52,"R$16,53 BRL (Website purchases)",52,"R$3.901,70 BRL",4.539817,2025-09-30T23:01:00-0300,,
120225302527870690,[PROMO] - Quinta-Feira,120225170496270690,PAUSED,PAUSED,off,"[""off""]",REACH,Highest volume,"R$15,00 BRL","R$0,00 BRL",2025-06-05T11:41:26-0300,2025-06-05T11:41:25-0300,2026-01-29T23:07:00-0300,1d_view_7d_click,"R$833,22 BRL",632188,295100,2.142284,"R$1,32 BRL",1157,"0,18%",0.12955,819,"R$1,02 BRL",227,reach,295100,"R$2,82 BRL (Reach)",,,,,,
120240345524810690,ADV,120240345524780690,ACTIVE,CAMPAIGN_PAUSED,inactive,"[""campaign_off""]",OFFSITE_CONVERSIONS,,,,2026-02-05T22:59:03-0300,2026-02-05T22:59:03-0300,2026-03-09T09:36:03-0300,1d_view_7d_click_1d_ev,"R$832,65 BRL",120810,24259,4.980007,"R$6,89 BRL",1063,"0,88%",0.408079,493,"R$1,69 BRL",338,actions:offsite_conversion.fb_pixel_purchase,66,"R$12,62 BRL (Website purchases)",66,"R$2.968,90 BRL",3.565604,2026-04-05T23:45:00-0300,,
120213529524270690,FRIO - GERAL 3KM 16/11/24 - 30/12/24,120212792744250690,PAUSED,PAUSED,off,"[""off""]",CONVERSATIONS,Highest volume,"R$0,00 BRL","R$800,00 BRL",2024-11-22T02:30:32-0300,2024-11-22T02:30:32-0300,2025-01-02T13:20:46-0300,1d_view_7d_click,"R$799,85 BRL",84225,32811,2.566974,"R$9,50 BRL",1081,"1,28%",0.517661,436,"R$1,83 BRL",68,actions:onsite_conversion.messaging_conversation_started_7d,244,"R$3,28 BRL (Messaging conversations started)",20,"R$32.974,20 BRL",41.22548,2024-12-30T05:43:00-0300,,
120216291532830690,FRIO GERAL 5 KM (21/02/25),120215485413360690,ACTIVE,CAMPAIGN_PAUSED,inactive,"[""campaign_off""]",OFFSITE_CONVERSIONS,Highest volume,"R$0,00 BRL","R$1.900,00 BRL",2025-02-21T14:31:44-0300,2025-02-21T14:31:43-0300,2025-03-17T12:47:42-0300,1d_view_7d_click,"R$705,43 BRL",123251,37771,3.263112,"R$5,72 BRL",1419,"1,15%",0.447055,551,"R$1,28 BRL",364,actions:offsite_conversion.fb_pixel_purchase,44,"R$16,03 BRL (Website purchases)",44,"R$151.383,60 BRL",214.597621,2025-04-30T23:55:00-0300,,
120210819999260690,[P. SEMELHANTE IC][21 a 43],120210345926650690,ACTIVE,CAMPAIGN_PAUSED,inactive,"[""campaign_off""]",OFFSITE_CONVERSIONS,Highest volume,"R$0,00 BRL","R$700,00 BRL",2024-08-01T15:00:48-0300,2024-08-01T15:00:48-0300,2024-08-17T13:03:55-0300,1d_view_7d_click,"R$699,12 BRL",136288,40745,3.344901,"R$5,13 BRL",2648,"1,94%",0.57672,786,"R$0,89 BRL",567,actions:offsite_conversion.fb_pixel_purchase,129,"R$5,42 BRL (Website purchases)",129,"R$300.999,80 BRL",430.540966,2024-08-31T23:23:00-0300,,
120203967962990690,[P. FRIO][ABERTO][GEO 1KM],120203967962960690,PAUSED,PAUSED,off,"[""off""]",REACH,Highest volume,"R$5,50 BRL","R$0,00 BRL",2024-01-10T17:59:50-0300,2024-01-10T17:59:50-0300,2024-04-18T10:54:41-0300,1d_view_7d_click,"R$668,01 BRL",244504,76545,3.194252,"R$2,73 BRL",644,"0,26%",0.135785,332,"R$2,01 BRL",,reach,76545,"R$8,73 BRL (Reach)",4,"R$204,00 BRL",0.305385,,,
120217511247270690,FRIO - PROMOÇÕES 10/03/25,120212792744250690,PAUSED,PAUSED,off,"[""off""]",CONVERSATIONS,Highest volume,"R$0,00 BRL","R$1.300,00 BRL",2025-03-10T13:47:18-0300,2025-03-10T13:47:18-0300,2025-05-14T20:02:10-0300,1d_view_7d_click,"R$645,42 BRL",83580,38611,2.164668,"R$7,72 BRL",662,"0,79%",0.354152,296,"R$2,18 BRL",21,actions:onsite_conversion.messaging_conversation_started_7d,70,"R$9,22 BRL (Messaging conversations started)",12,"R$23.858,30 BRL",36.965542,2025-06-30T23:30:00-0300,,
120232260613360690,ADV — [NOVOS Teste] — WPP,120232081996780690,ACTIVE,CAMPAIGN_PAUSED,inactive,"[""campaign_off""]",CONVERSATIONS,Highest volume,"R$0,00 BRL","R$650,00 BRL",2025-09-15T17:11:07-0300,2025-09-15T17:11:07-0300,2025-09-21T12:52:13-0300,1d_view_7d_click,"R$639,02 BRL",57084,21806,2.617812,"R$11,19 BRL",767,"1,34%",0.479994,274,"R$2,33 BRL",28,actions:onsite_conversion.messaging_conversation_started_7d,101,"R$6,33 BRL (Messaging conversations started)",,,,2025-10-05T23:30:00-0300,,
120212792744360690,FRIO - GERAL 3KM — Cópia,120212792744250690,PAUSED,PAUSED,off,"[""off""]",CONVERSATIONS,Highest volume,"R$0,00 BRL","R$600,00 BRL",2024-10-21T13:25:19-0300,2024-10-21T13:25:18-0300,2025-01-02T13:20:43-0300,1d_view_7d_click,"R$598,69 BRL",58195,24196,2.40515,"R$10,29 BRL",876,"1,51%",0.558467,325,"R$1,84 BRL",69,actions:onsite_conversion.messaging_conversation_started_7d,189,"R$3,17 BRL (Messaging conversations started)",18,"R$54.293,94 BRL",90.687902,2024-11-15T16:39:00-0300,,
23862126500040689,[P. FRIO][ABERTO][GEO 1KM],23862126496550689,ACTIVE,CAMPAIGN_PAUSED,inactive,"[""campaign_off""]",POST_ENGAGEMENT,Highest volume,"R$10,00 BRL","R$0,00 BRL",2023-10-17T16:16:35-0300,2023-10-17T16:16:35-0300,2024-01-18T10:36:34-0300,1d_view_7d_click,"R$569,11 BRL",272671,153113,1.780848,"R$2,09 BRL",1486,"0,54%",0.132761,362,"R$1,57 BRL",8,actions:post_engagement,110813,"R$0,01 BRL (Post engagements)",,,,2024-01-31T23:00:00-0300,,
120215485413300690,FRIO GERAL 5 KM,120215485413360690,PAUSED,PAUSED,off,"[""off""]",OFFSITE_CONVERSIONS,Highest volume,"R$0,00 BRL","R$2.100,00 BRL",2025-02-06T19:37:14-0300,2025-02-06T19:37:14-0300,2025-02-21T14:32:43-0300,1d_view_7d_click,"R$566,66 BRL",89091,43087,2.0677,"R$6,36 BRL",1027,"1,15%",0.425408,379,"R$1,50 BRL",245,actions:offsite_conversion.fb_pixel_purchase,45,"R$12,59 BRL (Website purchases)",45,"R$120.571,90 BRL",212.776444,2025-03-31T23:55:00-0300,,
23854466647010689,Público amplo,23854466646990689,ACTIVE,CAMPAIGN_PAUSED,inactive,"[""campaign_off""]",THRUPLAY,Highest volume,"R$10,00 BRL","R$0,00 BRL",2023-06-01T23:19:45-0300,2023-06-01T23:19:45-0300,2023-06-01T23:19:45-0300,1d_view_7d_click,"R$533,30 BRL",211760,92172,2.297444,"R$2,52 BRL",1368,"0,65%",0.069418,147,"R$3,63 BRL",1,video_thruplay_watched_actions,16362,"R$0,03 BRL (video_thruplay_watched_actions)",,,,,,
23854061175520689,Público amplo,23854061175490689,ACTIVE,CAMPAIGN_PAUSED,inactive,"[""campaign_off""]",POST_ENGAGEMENT,Highest volume,"R$10,00 BRL","R$0,00 BRL",2023-05-17T23:43:26-0300,2023-05-17T23:43:26-0300,2023-05-17T23:43:26-0300,1d_view_7d_click,"R$531,76 BRL",257633,109552,2.351696,"R$2,06 BRL",1184,"0,46%",0.003493,9,"R$59,08 BRL",,actions:post_engagement,111883,"R$0,00 BRL (Post engagements)",,,,,,
120234016293920690,ADV - [EXC SEGUIDORES] [EXC 2km],120227813792370690,PAUSED,PAUSED,off,"[""off""]",THRUPLAY,Highest volume,"R$20,00 BRL","R$0,00 BRL",2025-10-15T23:59:49-0300,2025-10-15T23:59:49-0300,2025-11-14T13:02:13-0300,1d_view_7d_click,"R$528,84 BRL",44373,29942,1.481965,"R$11,92 BRL",127,"0,29%",0.132964,59,"R$8,96 BRL",,video_thruplay_watched_actions,10649,"R$0,05 BRL (video_thruplay_watched_actions)",,,,,,
120246128159910690,ADV,120246128159740690,ACTIVE,CAMPAIGN_PAUSED,inactive,"[""campaign_off""]",OFFSITE_CONVERSIONS,,,,2026-05-20T20:25:10-0300,2026-05-20T20:25:10-0300,2026-06-02T18:13:30-0300,1d_view_1d_click_1d_ev,"R$496,53 BRL",62282,19856,3.136684,"R$7,97 BRL",603,"0,97%",0.475258,296,"R$1,68 BRL",227,actions:offsite_conversion.fb_pixel_purchase,38,"R$13,07 BRL (Website purchases)",38,"R$1.925,92 BRL",3.878759,2026-06-07T23:21:00-0300,,
120249304744410690,ADV [2km],120249304744400690,ACTIVE,CAMPAIGN_PAUSED,inactive,"[""campaign_off""]",POST_ENGAGEMENT,,,,2026-07-01T19:14:22-0300,2026-07-01T19:14:22-0300,2026-07-01T19:14:39-0300,1d_view_7d_click,"R$474,03 BRL",218586,145253,1.504864,"R$2,17 BRL",650,"0,30%",0.112542,246,"R$1,93 BRL",,actions:post_engagement,131996,"R$0,00 BRL (Post engagements)",,,,,,
120237142653130690,ADV — Teste,120236955146140690,ACTIVE,CAMPAIGN_PAUSED,inactive,"[""campaign_off""]",OFFSITE_CONVERSIONS,,,,2025-12-05T19:30:48-0300,2025-12-05T19:30:48-0300,2025-12-05T19:31:06-0300,1d_view_7d_click_1d_ev,"R$463,21 BRL",72346,31112,2.325341,"R$6,40 BRL",856,"1,18%",0.355237,257,"R$1,80 BRL",206,actions:offsite_conversion.fb_pixel_purchase,28,"R$16,54 BRL (Website purchases)",28,"R$1.193,60 BRL",2.576801,2026-01-04T23:50:00-0300,,
120224523597440690,[P. ADV][RAIO 5km],120224523597420690,ACTIVE,CAMPAIGN_PAUSED,inactive,"[""campaign_off""]",CONVERSATIONS,,,,2025-05-23T17:49:26-0300,2025-05-23T17:49:26-0300,2025-07-01T16:41:26-0300,1d_view_7d_click,"R$461,99 BRL",28484,18313,1.555398,"R$16,22 BRL",473,"1,66%",0.516079,147,"R$3,14 BRL",19,actions:onsite_conversion.messaging_conversation_started_7d,88,"R$5,25 BRL (Messaging conversations started)",6,"R$8.690,40 BRL",18.810797,2025-07-31T23:00:00-0300,,
120245681220290690,ADV — [Teste Público Aberto],120233532885890690,PAUSED,PAUSED,off,"[""off""]",CONVERSATIONS,Highest volume,"R$0,00 BRL","R$850,00 BRL",2026-05-14T20:25:25-0300,2026-05-14T20:25:25-0300,2026-05-23T22:30:20-0300,1d_view_7d_click,"R$433,47 BRL",36543,21731,1.681607,"R$11,86 BRL",359,"0,98%",0.459732,168,"R$2,58 BRL",10,actions:onsite_conversion.messaging_conversation_started_7d,50,"R$8,67 BRL (Messaging conversations started)",4,"R$190,00 BRL",0.438323,2026-05-31T23:02:00-0300,,
120227813792350690,ADV - [EXC SEGUIDORES],120227813792370690,PAUSED,PAUSED,off,"[""off""]",THRUPLAY,Highest volume,"R$20,00 BRL","R$0,00 BRL",2025-07-09T15:36:54-0300,2025-07-09T15:36:54-0300,2025-07-30T10:32:07-0300,1d_view_7d_click,"R$412,78 BRL",72712,32203,2.257926,"R$5,68 BRL",363,"0,50%",0.145781,106,"R$3,89 BRL",8,video_thruplay_watched_actions,7420,"R$0,06 BRL (video_thruplay_watched_actions)",,,,,,
120236955146200690,ADV,120236955146140690,ACTIVE,CAMPAIGN_PAUSED,inactive,"[""campaign_off""]",OFFSITE_CONVERSIONS,,,,2025-12-02T23:47:09-0300,2025-12-02T23:47:09-0300,2025-12-02T23:47:24-0300,1d_view_7d_click_1d_ev,"R$381,99 BRL",54432,12367,4.401391,"R$7,02 BRL",333,"0,61%",0.330688,180,"R$2,12 BRL",132,actions:offsite_conversion.fb_pixel_purchase,20,"R$19,10 BRL (Website purchases)",20,"R$876,40 BRL",2.294301,2026-01-04T23:50:00-0300,,
120229845840470690,[P. Direcionado][RAIO 3km],120229845840390690,ACTIVE,CAMPAIGN_PAUSED,inactive,"[""campaign_off""]",CONVERSATIONS,,,,2025-08-05T14:27:26-0300,2025-08-05T14:27:24-0300,2025-10-01T17:19:33-0300,1d_view_7d_click,"R$374,38 BRL",21168,13686,1.54669,"R$17,69 BRL",305,"1,44%",0.538549,114,"R$3,28 BRL",13,actions:onsite_conversion.messaging_conversation_started_7d,58,"R$6,45 BRL (Messaging conversations started)",3,"R$205,80 BRL",0.549709,2025-11-02T23:30:00-0300,,
23861403164900689,[P. FRIO][INT HAMBUGUER - COMPRADORES - FAST FOOD][GEO 15KM],23861403164910689,ACTIVE,CAMPAIGN_PAUSED,inactive,"[""campaign_off""]",OFFSITE_CONVERSIONS,Highest volume,"R$0,00 BRL","R$400,00 BRL",2023-10-05T00:22:17-0300,2023-10-05T00:22:17-0300,2023-11-02T00:15:50-0300,1d_view_7d_click,"R$372,12 BRL",107898,45503,2.371228,"R$3,45 BRL",1324,"1,23%",0.364233,393,"R$0,95 BRL",276,actions:offsite_conversion.fb_pixel_purchase,21,"R$17,72 BRL (Website purchases)",21,"R$664,04 BRL",1.784478,2023-11-12T23:00:00-0300,,
120244310302460690,ADV - [5KM],120244310302440690,ACTIVE,CAMPAIGN_PAUSED,inactive,"[""campaign_off""]",REACH,,,,2026-04-25T16:21:50-0300,2026-04-25T16:21:50-0300,2026-04-25T16:22:06-0300,1d_view_7d_click,"R$363,44 BRL",312530,135247,2.310809,"R$1,16 BRL",384,"0,12%",0.045756,143,"R$2,54 BRL",,reach,135247,"R$2,69 BRL (Reach)",2,"R$108,00 BRL",0.29716,,,
120225007410000690,[P. Direcionado][RAIO 5km] — ADV,120225007386020690,ACTIVE,CAMPAIGN_PAUSED,inactive,"[""campaign_off""]",OFFSITE_CONVERSIONS,,,,2025-05-31T17:00:00-0300,2025-05-31T09:18:36-0300,2025-05-31T09:18:53-0300,1d_view_7d_click_1d_ev,"R$361,53 BRL",45988,22735,2.022784,"R$7,86 BRL",572,"1,24%",0.471862,217,"R$1,67 BRL",183,actions:offsite_conversion.fb_pixel_purchase,31,"R$11,66 BRL (Website purchases)",31,"R$19.491,62 BRL",53.914253,2025-06-29T23:15:00-0300,,
120208999670750690,[P. SEMELHANTE COMPRA][21 a 43],120205274749610690,PAUSED,PAUSED,off,"[""off""]",CONVERSATIONS,Highest volume,"R$0,00 BRL","R$450,00 BRL",2024-05-09T20:34:30-0300,2024-05-09T20:34:30-0300,2024-06-01T10:49:38-0300,1d_view_7d_click,"R$355,58 BRL",70371,30995,2.270398,"R$5,05 BRL",983,"1,40%",0.521522,367,"R$0,97 BRL",53,actions:onsite_conversion.messaging_conversation_started_7d,68,"R$5,23 BRL (Messaging conversations started)",18,"R$31.748,74 BRL",89.287193,2024-06-10T23:27:00-0300,,
120248556098000690,ADV,120247411302050690,ACTIVE,ACTIVE,active,"[""active""]",CONVERSATIONS,,,,2026-06-20T19:14:33-0300,2026-06-20T19:14:33-0300,2026-08-17T23:23:33-0300,1d_view_7d_click,"R$351,27 BRL",65005,48921,1.328775,"R$5,40 BRL",737,"1,13%",0.738405,480,"R$0,73 BRL",22,actions:onsite_conversion.messaging_conversation_started_7d,165,"R$2,13 BRL (Messaging conversations started)",4,"R$195,00 BRL",0.555129,2026-08-30T23:30:00-0300,,
120210935253380690,[P. SEMELHANTE IC NOVO][21 a 43][TESTE],120205274749610690,PAUSED,PAUSED,off,"[""off""]",CONVERSATIONS,Highest volume,"R$0,00 BRL","R$350,00 BRL",2024-08-07T19:31:42-0300,2024-08-07T19:31:42-0300,2024-09-17T12:48:14-0300,1d_view_7d_click,"R$349,99 BRL",57686,23188,2.487752,"R$6,07 BRL",599,"1,04%",0.461117,266,"R$1,32 BRL",19,actions:onsite_conversion.messaging_conversation_started_7d,64,"R$5,47 BRL (Messaging conversations started)",9,"R$17.340,20 BRL",49.544844,2024-08-31T23:17:00-0300,,
120243463150390690,ADV — [Promos da Semana],120233532885890690,PAUSED,PAUSED,off,"[""off""]",CONVERSATIONS,Highest volume,"R$0,00 BRL","R$350,00 BRL",2026-04-13T21:24:24-0300,2026-04-13T21:24:24-0300,2026-05-07T21:32:43-0300,1d_view_7d_click,"R$349,10 BRL",32875,14657,2.242956,"R$10,62 BRL",379,"1,15%",0.653992,215,"R$1,62 BRL",26,actions:onsite_conversion.messaging_conversation_started_7d,72,"R$4,85 BRL (Messaging conversations started)",12,"R$340,50 BRL",0.975365,2026-05-01T23:54:00-0300,,
120224532621720690,[P. FRIO][RAIO 5km],120224532621730690,ACTIVE,CAMPAIGN_PAUSED,inactive,"[""campaign_off""]",CONVERSATIONS,,,,2025-05-23T20:16:07-0300,2025-05-23T20:16:07-0300,2025-05-23T20:16:23-0300,1d_view_7d_click,"R$335,39 BRL",20285,13932,1.456001,"R$16,53 BRL",314,"1,55%",0.650727,132,"R$2,54 BRL",27,actions:onsite_conversion.messaging_conversation_started_7d,79,"R$4,25 BRL (Messaging conversations started)",3,"R$7.132,30 BRL",21.265691,2025-05-31T23:00:00-0300,,
120211840808970690,[P. SEMELHANTE IC][21 a 43],120211840808940690,PAUSED,PAUSED,off,"[""off""]",OFFSITE_CONVERSIONS,Highest volume,"R$20,00 BRL","R$0,00 BRL",2024-09-17T17:30:00-0300,2024-09-17T12:55:38-0300,2024-10-04T18:00:41-0300,1d_view_7d_click,"R$327,57 BRL",44718,29753,1.502974,"R$7,33 BRL",851,"1,90%",0.614965,275,"R$1,19 BRL",210,actions:offsite_conversion.fb_pixel_purchase,28,"R$11,70 BRL (Website purchases)",28,"R$100.416,00 BRL",306.548219,,,
23856812927110689,Tráfego - Mensagem - Whatsapp,23856812927060689,ACTIVE,CAMPAIGN_PAUSED,inactive,"[""campaign_off""]",CONVERSATIONS,Highest volume,"R$0,00 BRL","R$600,00 BRL",2023-07-29T19:02:19-0300,2023-07-29T19:02:19-0300,2023-07-29T19:06:11-0300,1d_view_7d_click,"R$298,45 BRL",42473,21113,2.011699,"R$7,03 BRL",431,"1,01%",0.428508,182,"R$1,64 BRL",12,actions:onsite_conversion.messaging_conversation_started_7d,57,"R$5,24 BRL (Messaging conversations started)",3,,,2023-08-31T18:52:36-0300,,
120228919627640690,[P. SEMELHANTE IC][18 a 43][VD],120227744207810690,PAUSED,PAUSED,off,"[""off""]",OFFSITE_CONVERSIONS,,,,2025-07-26T16:11:38-0300,2025-07-26T16:11:38-0300,2025-09-02T20:17:45-0300,1d_view_7d_click_1d_ev,"R$290,60 BRL",47102,15583,3.022653,"R$6,17 BRL",606,"1,29%",0.535009,252,"R$1,15 BRL",198,actions:offsite_conversion.fb_pixel_purchase,12,"R$24,22 BRL (Website purchases)",12,"R$1.066,80 BRL",3.671025,2025-09-30T23:01:00-0300,,
120210935506950690,[P. FRIO][SEMELHANTE IC][GEO 3KM],120203967962960690,ACTIVE,CAMPAIGN_PAUSED,inactive,"[""campaign_off""]",IMPRESSIONS,Highest volume,"R$15,01 BRL","R$0,00 BRL",2024-08-07T19:47:30-0300,2024-08-07T19:47:30-0300,2024-08-17T13:02:49-0300,1d_view_7d_click,"R$288,84 BRL",223166,45904,4.861581,"R$1,29 BRL",251,"0,11%",0.060045,134,"R$2,16 BRL",1,reach,45904,"R$6,29 BRL (Reach)",5,"R$484,00 BRL",1.675668,2024-09-08T00:00:00-0300,,
120209224436830690,[P. MORNO][21 a 43],120209223227360690,PAUSED,PAUSED,off,"[""off""]",OFFSITE_CONVERSIONS,,,,2024-05-15T14:28:11-0300,2024-05-15T14:28:11-0300,2024-07-10T17:05:17-0300,1d_view_7d_click,"R$278,00 BRL",38719,6351,6.09652,"R$7,18 BRL",538,"1,39%",0.565614,219,"R$1,27 BRL",156,actions:offsite_conversion.fb_pixel_purchase,51,"R$5,45 BRL (Website purchases)",51,"R$114.274,98 BRL",411.061079,2024-07-04T23:52:00-0300,,
120210345926670690,[P. MORNO][21 a 43],120210345926650690,PAUSED,PAUSED,off,"[""off""]",OFFSITE_CONVERSIONS,Highest volume,"R$0,00 BRL","R$450,00 BRL",2024-07-06T12:15:05-0300,2024-07-06T12:15:05-0300,2024-08-07T10:40:36-0300,1d_view_7d_click,"R$277,81 BRL",36593,7724,4.737571,"R$7,59 BRL",517,"1,41%",0.530156,194,"R$1,43 BRL",119,actions:offsite_conversion.fb_pixel_purchase,38,"R$7,31 BRL (Website purchases)",38,"R$101.236,90 BRL",364.410568,2024-08-16T23:23:00-0300,,
120224444858810690,[P. Direcionado][RAIO 5km],120224443839790690,ACTIVE,CAMPAIGN_PAUSED,inactive,"[""campaign_off""]",OFFSITE_CONVERSIONS,Highest volume,"R$0,00 BRL","R$300,00 BRL",2025-05-22T18:34:43-0300,2025-05-22T18:34:42-0300,2025-05-31T09:12:03-0300,1d_view_1d_click_1d_ev,"R$265,40 BRL",26573,14064,1.889434,"R$9,99 BRL",374,"1,41%",0.605878,161,"R$1,65 BRL",138,actions:offsite_conversion.fb_pixel_purchase,15,"R$17,69 BRL (Website purchases)",15,"R$51.719,10 BRL",194.872268,2025-05-31T23:00:00-0300,,
120200344064940690,[P. FRIO][ABERTO][GEO 1KM],120200344064960690,ACTIVE,CAMPAIGN_PAUSED,inactive,"[""campaign_off""]",REACH,Highest volume,"R$8,00 BRL","R$0,00 BRL",2023-11-03T20:13:38-0300,2023-11-03T20:13:38-0300,2023-11-22T16:34:35-0300,1d_view_7d_click,"R$262,27 BRL",78635,47556,1.653524,"R$3,34 BRL",759,"0,97%",0.115725,91,"R$2,88 BRL",,reach,47556,"R$5,51 BRL (Reach)",,,,2023-12-31T23:00:22-0300,,
120245517579380690,Post do Instagram: Quem é o @ que sempre fala...,120245517578580690,ACTIVE,CAMPAIGN_PAUSED,inactive,"[""campaign_off""]",VISIT_INSTAGRAM_PROFILE,,,,2026-05-12T15:18:58-0300,2026-05-12T15:18:31-0300,2026-05-12T15:18:49-0300,1d_view_7d_click,"R$260,05 BRL",68588,45674,1.501686,"R$3,79 BRL",667,"0,97%",0.976847,670,"R$0,39 BRL",3,profile_visit_view,665,"R$0,39 BRL (Instagram profile visits)",,,,2026-05-17T15:18:58-0300,,
120234828770950690,"Anúncio de Visitas ao perfil do Instagram: A GeBurger vai mudar o seu dia
Estamos te...",120234828770560690,ACTIVE,CAMPAIGN_PAUSED,inactive,"[""campaign_off""]",VISIT_INSTAGRAM_PROFILE,,,,2025-10-27T18:13:22-0300,2025-10-27T18:12:55-0300,2025-10-27T18:13:11-0300,1d_view_7d_click,"R$245,75 BRL",16324,10070,1.621053,"R$15,05 BRL",273,"1,67%",1.727518,282,"R$0,87 BRL",11,profile_visit_view,284,"R$0,87 BRL (Instagram profile visits)",,,,,,
120231518007060690,Instagram Post,120231518006910690,ACTIVE,CAMPAIGN_PAUSED,inactive,"[""campaign_off""]",VISIT_INSTAGRAM_PROFILE,,,,2025-09-02T21:05:01-0300,2025-09-02T21:04:31-0300,2025-09-02T21:05:19-0300,1d_view_7d_click,"R$245,78 BRL",38545,17665,2.181998,"R$6,38 BRL",287,"0,74%",0.752367,290,"R$0,85 BRL",4,profile_visit_view,299,"R$0,82 BRL (Instagram profile visits)",,,,2025-09-14T21:05:01-0300,,
120248478388860690,Post do Instagram: Esse é o GeBurger te chamando...,120248478388460690,ACTIVE,CAMPAIGN_PAUSED,inactive,"[""campaign_off""]",VISIT_INSTAGRAM_PROFILE,,,,2026-06-19T10:12:22-0300,2026-06-19T10:11:55-0300,2026-06-19T10:12:13-0300,1d_view_7d_click,"R$245,57 BRL",18812,11895,1.581505,"R$13,05 BRL",240,"1,28%",1.254518,236,"R$1,04 BRL",1,profile_visit_view,229,"R$1,07 BRL (Instagram profile visits)",,,,2026-06-26T10:12:22-0300,,
120237213159510690,ADV — Teste,120233532885890690,PAUSED,PAUSED,off,"[""off""]",CONVERSATIONS,Highest volume,"R$0,00 BRL","R$700,00 BRL",2025-12-07T12:02:52-0300,2025-12-07T12:02:52-0300,2025-12-19T13:19:31-0300,1d_view_7d_click,"R$240,58 BRL",18218,10882,1.674141,"R$13,21 BRL",258,"1,42%",0.636733,116,"R$2,07 BRL",17,actions:onsite_conversion.messaging_conversation_started_7d,42,"R$5,73 BRL (Messaging conversations started)",5,"R$94,50 BRL",0.392801,2026-01-04T23:45:00-0300,,
120221074221490690,FRIO GERAL 5 KM (teste de criativos),120212332355730690,PAUSED,PAUSED,off,"[""off""]",OFFSITE_CONVERSIONS,Highest volume,"R$0,00 BRL","R$600,00 BRL",2025-04-28T23:14:23-0300,2025-04-28T23:14:23-0300,2025-05-11T01:44:03-0300,1d_view_7d_click,"R$240,40 BRL",34471,13934,2.473877,"R$6,97 BRL",468,"1,36%",0.554089,191,"R$1,26 BRL",143,actions:offsite_conversion.fb_pixel_purchase,16,"R$15,03 BRL (Website purchases)",16,"R$52.124,20 BRL",216.822795,2025-05-28T23:05:00-0300,,
120246024577530690,ADV — [GeSalad - Semana do dia 19.05],120245515017160690,PAUSED,PAUSED,off,"[""off""]",OFFSITE_CONVERSIONS,,,,2026-05-19T09:20:40-0300,2026-05-19T09:20:40-0300,2026-05-26T14:22:46-0300,1d_view_7d_click_1d_ev,"R$237,39 BRL",29194,11336,2.575335,"R$8,13 BRL",252,"0,86%",0.520655,152,"R$1,56 BRL",111,actions:offsite_conversion.fb_pixel_purchase,20,"R$11,87 BRL (Website purchases)",20,"R$694,02 BRL",2.923544,2026-05-31T23:30:00-0300,,
120240617357480690,[PROMO] - Quinta-Feira [Nova],120225170496270690,ACTIVE,CAMPAIGN_PAUSED,inactive,"[""campaign_off""]",REACH,Highest volume,"R$15,00 BRL","R$0,00 BRL",2026-02-12T00:30:00-0300,2026-02-11T10:34:08-0300,2026-04-23T00:09:24-0300,1d_view_7d_click,"R$236,84 BRL",223308,141136,1.582219,"R$1,06 BRL",481,"0,22%",0.149121,333,"R$0,71 BRL",90,reach,141136,"R$1,68 BRL (Reach)",,,,,,
120235750598560690,ADV,120235750598550690,ACTIVE,CAMPAIGN_PAUSED,inactive,"[""campaign_off""]",OFFSITE_CONVERSIONS,,,,2025-11-11T16:36:11-0300,2025-11-11T16:36:11-0300,2025-11-11T16:36:28-0300,1d_view_7d_click_1d_ev,"R$227,92 BRL",32107,11192,2.868746,"R$7,10 BRL",216,"0,67%",0.432927,139,"R$1,64 BRL",104,actions:offsite_conversion.fb_pixel_purchase,10,"R$22,79 BRL (Website purchases)",10,"R$392,10 BRL",1.72034,2025-12-11T16:07:44-0300,,
120250075360640690,ADV [3km],120250075360630690,ACTIVE,CAMPAIGN_PAUSED,inactive,"[""campaign_off""]",OFFSITE_CONVERSIONS,,,,2026-07-31T20:37:26-0300,2026-07-31T20:37:26-0300,2026-07-31T20:37:45-0300,1d_view_7d_click_1d_ev,"R$223,44 BRL",20990,7235,2.901175,"R$10,65 BRL",202,"0,96%",0.709862,149,"R$1,50 BRL",109,actions:offsite_conversion.fb_pixel_purchase,11,"R$20,31 BRL (Website purchases)",11,"R$508,90 BRL",2.277569,2026-08-09T23:35:00-0300,,
120209223227640690,[P. FRIO][21 a 43],120209223227360690,PAUSED,PAUSED,off,"[""off""]",OFFSITE_CONVERSIONS,,,,2024-05-15T14:31:22-0300,2024-05-15T14:31:22-0300,2024-06-14T13:45:55-0300,1d_view_7d_click,"R$221,93 BRL",47865,22052,2.170551,"R$4,64 BRL",494,"1,03%",0.34263,164,"R$1,35 BRL",116,actions:offsite_conversion.fb_pixel_purchase,9,"R$24,66 BRL (Website purchases)",9,"R$11.761,80 BRL",52.997792,2024-07-04T23:52:00-0300,,
120243914986390690,ADV — [Gê Amazônico - Semana do dia 20/04],120243462107720690,PAUSED,PAUSED,off,"[""off""]",OFFSITE_CONVERSIONS,,,,2026-04-20T21:59:26-0300,2026-04-20T21:59:26-0300,2026-04-27T20:55:48-0300,1d_view_7d_click_1d_ev,"R$214,08 BRL",28608,13826,2.069145,"R$7,48 BRL",296,"1,03%",0.594239,170,"R$1,26 BRL",140,actions:offsite_conversion.fb_pixel_purchase,12,"R$17,84 BRL (Website purchases)",12,"R$527,12 BRL",2.462257,2026-05-01T23:45:00-0300,,
120225007414230690,[P. QUENTE][RAIO 5km] — ADV,120225007386020690,ACTIVE,CAMPAIGN_PAUSED,inactive,"[""campaign_off""]",OFFSITE_CONVERSIONS,,,,2025-05-31T17:00:00-0300,2025-05-31T09:18:36-0300,2025-06-18T13:39:43-0300,1d_view_7d_click_1d_ev,"R$209,75 BRL",25587,12526,2.042711,"R$8,20 BRL",275,"1,07%",0.406456,104,"R$2,02 BRL",79,actions:offsite_conversion.fb_pixel_purchase,12,"R$17,48 BRL (Website purchases)",12,"R$1.037,40 BRL",4.945888,2025-06-29T23:15:00-0300,,
120245570293080690,ADV — [GeWeek mês 05],120233532885890690,PAUSED,PAUSED,off,"[""off""]",CONVERSATIONS,Highest volume,"R$0,00 BRL","R$700,00 BRL",2026-05-13T09:18:08-0300,2026-05-13T09:18:08-0300,2026-05-16T19:16:05-0300,1d_view_7d_click,"R$209,38 BRL",18269,10319,1.770423,"R$11,46 BRL",183,"1,00%",0.530954,97,"R$2,16 BRL",6,actions:onsite_conversion.messaging_conversation_started_7d,20,"R$10,47 BRL (Messaging conversations started)",4,"R$106,40 BRL",0.508167,2026-05-31T19:02:00-0300,,
120245515017120690,ADV — [GeClassic - Semana do dia 12.05],120245515017160690,PAUSED,PAUSED,off,"[""off""]",OFFSITE_CONVERSIONS,,,,2026-05-12T15:26:06-0300,2026-05-12T15:26:06-0300,2026-05-19T09:20:50-0300,1d_view_7d_click_1d_ev,"R$207,12 BRL",25387,11182,2.270345,"R$8,16 BRL",247,"0,97%",0.551463,140,"R$1,48 BRL",111,actions:offsite_conversion.fb_pixel_purchase,20,"R$10,36 BRL (Website purchases)",20,"R$743,60 BRL",3.590189,2026-05-31T23:30:00-0300,,
120243462107780690,ADV — [Gê Rib - Semana do dia 13/04],120243462107720690,PAUSED,PAUSED,off,"[""off""]",OFFSITE_CONVERSIONS,,,,2026-04-13T19:55:56-0300,2026-04-13T19:55:56-0300,2026-04-20T22:00:19-0300,1d_view_7d_click_1d_ev,"R$203,20 BRL",33887,20442,1.657715,"R$6,00 BRL",421,"1,24%",0.575442,195,"R$1,04 BRL",167,actions:offsite_conversion.fb_pixel_purchase,28,"R$7,26 BRL (Website purchases)",28,"R$908,36 BRL",4.470276,2026-05-01T23:45:00-0300,,
120212331118140690,FRIO - GERAL 3KM,120212331118100690,ACTIVE,CAMPAIGN_PAUSED,inactive,"[""campaign_off""]",CONVERSATIONS,,,,2024-10-04T17:49:37-0300,2024-10-04T17:49:37-0300,2024-10-14T22:48:02-0300,1d_view_7d_click,"R$182,66 BRL",21621,11652,1.855561,"R$8,45 BRL",335,"1,55%",0.573516,124,"R$1,47 BRL",29,actions:onsite_conversion.messaging_conversation_started_7d,66,"R$2,77 BRL (Messaging conversations started)",15,"R$38.458,30 BRL",210.545823,2024-10-27T16:39:00-0300,,
120236955294340690,Post do Instagram: Para finalizar seu dia...,120236955293860690,ACTIVE,CAMPAIGN_PAUSED,inactive,"[""campaign_off""]",VISIT_INSTAGRAM_PROFILE,,,,2025-12-03T08:20:56-0300,2025-12-02T23:50:40-0300,2025-12-02T23:50:56-0300,1d_view_7d_click,"R$177,47 BRL",21485,17122,1.254818,"R$8,26 BRL",446,"2,08%",2.04794,440,"R$0,40 BRL",9,profile_visit_view,428,"R$0,41 BRL (Instagram profile visits)",,,,2025-12-10T08:20:56-0300,,
120209000223530690,Instagram Post,120209000223500690,ACTIVE,CAMPAIGN_PAUSED,inactive,"[""campaign_off""]",VISIT_INSTAGRAM_PROFILE,,,,2024-05-09T20:54:00-0300,2024-05-09T20:53:30-0300,2024-05-09T20:53:30-0300,1d_view_7d_click,"R$175,97 BRL",42235,18888,2.236076,"R$4,17 BRL",283,"0,67%",0.679531,287,"R$0,61 BRL",5,profile_visit_view,301,"R$0,58 BRL (Instagram profile visits)",,,,2024-05-16T20:54:00-0300,,
120212328880470690,00 - FRIO - EX. SEGUIDORES,120212328880460690,ACTIVE,CAMPAIGN_PAUSED,inactive,"[""campaign_off""]",THRUPLAY,Highest volume,"R$10,00 BRL","R$0,00 BRL",2024-10-04T16:02:39-0300,2024-10-04T16:02:39-0300,2024-10-04T16:02:39-0300,1d_view_7d_click,"R$165,93 BRL",105231,43800,2.402534,"R$1,58 BRL",141,"0,13%",0.050365,53,"R$3,13 BRL",25,video_thruplay_watched_actions,44329,"R$0,00 BRL (video_thruplay_watched_actions)",,,,,,
120227026383670690,[P. SEMELHANTE IC][18 a 43],120227026383680690,ACTIVE,CAMPAIGN_PAUSED,inactive,"[""campaign_off""]",OFFSITE_CONVERSIONS,,,,2025-06-28T17:00:00-0300,2025-06-27T20:57:25-0300,2025-07-01T16:45:11-0300,1d_view_7d_click_1d_ev,"R$165,86 BRL",29451,10437,2.821788,"R$5,63 BRL",298,"1,01%",0.35992,106,"R$1,56 BRL",76,actions:offsite_conversion.fb_pixel_purchase,14,"R$11,85 BRL (Website purchases)",14,"R$1.199,20 BRL",7.230194,2025-07-28T23:51:00-0300,,
120209224081690690,[P. SEMELHANTE COMPRA][21 a 43],120209223227360690,ACTIVE,CAMPAIGN_PAUSED,inactive,"[""campaign_off""]",OFFSITE_CONVERSIONS,,,,2024-05-15T14:29:37-0300,2024-05-15T14:29:37-0300,2024-06-14T13:45:34-0300,1d_view_7d_click,"R$163,39 BRL",27614,12482,2.212306,"R$5,92 BRL",343,"1,24%",0.416455,115,"R$1,42 BRL",102,actions:offsite_conversion.fb_pixel_purchase,24,"R$6,81 BRL (Website purchases)",24,"R$49.979,60 BRL",305.891425,2024-07-04T23:52:00-0300,,
120245078757860690,ADV — [GeWeek mês 05],120233532885890690,PAUSED,PAUSED,off,"[""off""]",CONVERSATIONS,Highest volume,"R$0,00 BRL","R$650,00 BRL",2026-05-06T16:41:26-0300,2026-05-06T16:41:26-0300,2026-05-10T09:40:40-0300,1d_view_7d_click,"R$153,99 BRL",19047,12078,1.577,"R$8,08 BRL",196,"1,03%",0.635271,121,"R$1,27 BRL",10,actions:onsite_conversion.messaging_conversation_started_7d,23,"R$6,70 BRL (Messaging conversations started)",6,"R$278,60 BRL",1.809208,2026-05-31T19:02:00-0300,,
120217686497960690,FRIO GERAL 5 KM (14/03/25),120215485413360690,ACTIVE,CAMPAIGN_PAUSED,inactive,"[""campaign_off""]",OFFSITE_CONVERSIONS,Highest volume,"R$0,00 BRL","R$1.200,00 BRL",2025-03-14T17:21:35-0300,2025-03-14T17:21:35-0300,2025-03-17T12:48:11-0300,1d_view_7d_click,"R$151,41 BRL",21482,11622,1.848391,"R$7,05 BRL",267,"1,24%",0.567917,122,"R$1,24 BRL",67,actions:offsite_conversion.fb_pixel_purchase,5,"R$30,28 BRL (Website purchases)",5,"R$29.480,00 BRL",194.703124,2025-05-13T17:19:00-0300,,
120247895063580690,[Raio 3km],120247895063570690,ACTIVE,CAMPAIGN_PAUSED,inactive,"[""campaign_off""]",OFFSITE_CONVERSIONS,,,,2026-06-11T21:58:43-0300,2026-06-11T21:58:43-0300,2026-06-11T21:59:00-0300,1d_view_1d_click_1d_ev,"R$149,39 BRL",27229,19311,1.410025,"R$5,49 BRL",175,"0,64%",0.367256,100,"R$1,49 BRL",7,,,Not available (Website purchases),,,,2026-07-05T23:57:00-0300,actions:offsite_conversion.fb_pixel_purchase,Not available
120232082836370690,ADV — [NOVOS Teste],120232081996780690,PAUSED,PAUSED,off,"[""off""]",OFFSITE_CONVERSIONS,Highest volume,"R$0,00 BRL","R$400,00 BRL",2025-09-12T17:00:00-0300,2025-09-12T15:48:09-0300,2025-09-19T18:05:09-0300,1d_view_7d_click,"R$147,08 BRL",24656,11308,2.180403,"R$5,97 BRL",328,"1,33%",0.442083,109,"R$1,35 BRL",74,actions:offsite_conversion.fb_pixel_purchase,2,"R$73,54 BRL (Website purchases)",2,"R$220,90 BRL",1.501904,2025-09-30T23:01:00-0300,,
120237617301900690,Post do Instagram: Aqui na Ge tem tudo que você...,120237617301260690,ACTIVE,CAMPAIGN_PAUSED,inactive,"[""campaign_off""]",VISIT_INSTAGRAM_PROFILE,,,,2025-12-14T05:55:45-0300,2025-12-13T22:06:03-0300,2025-12-13T22:06:20-0300,1d_view_7d_click,"R$146,49 BRL",7231,5437,1.329961,"R$20,26 BRL",223,"3,08%",3.332872,241,"R$0,61 BRL",5,profile_visit_view,248,"R$0,59 BRL (Instagram profile visits)",,,,2025-12-21T05:55:45-0300,,
120230749821280690,[P. ADV][18 a 43] — [IMG],120230749744780690,ACTIVE,CAMPAIGN_PAUSED,inactive,"[""campaign_off""]",OFFSITE_CONVERSIONS,,,,2025-08-19T17:42:28-0300,2025-08-19T17:42:27-0300,2025-08-19T17:42:45-0300,1d_view_7d_click,"R$143,86 BRL",21480,7574,2.836018,"R$6,70 BRL",162,"0,75%",0.456238,98,"R$1,47 BRL",76,actions:offsite_conversion.fb_pixel_purchase,5,"R$28,77 BRL (Website purchases)",5,"R$396,80 BRL",2.758237,2025-08-31T23:01:00-0300,,
120229891871530690,Instagram Post,120229891867760690,ACTIVE,CAMPAIGN_PAUSED,inactive,"[""campaign_off""]",VISIT_INSTAGRAM_PROFILE,,,,2025-08-06T11:40:31-0300,2025-08-06T11:40:01-0300,2025-08-06T11:40:58-0300,1d_view_7d_click,"R$143,53 BRL",16812,10090,1.666204,"R$8,54 BRL",212,"1,26%",1.290745,217,"R$0,66 BRL",2,profile_visit_view,213,"R$0,67 BRL (Instagram profile visits)",,,,2025-08-13T11:40:31-0300,,
120228304951700690,Instagram Post,120228304951650690,ACTIVE,CAMPAIGN_PAUSED,inactive,"[""campaign_off""]",VISIT_INSTAGRAM_PROFILE,,,,2025-07-17T11:55:36-0300,2025-07-17T11:55:06-0300,2025-07-17T11:55:40-0300,1d_view_7d_click,"R$143,27 BRL",20029,10906,1.836512,"R$7,15 BRL",154,"0,77%",0.773878,155,"R$0,92 BRL",2,profile_visit_view,161,"R$0,89 BRL (Instagram profile visits)",,,,2025-07-24T11:55:36-0300,,
120230944808180690,Instagram Post,120230944807510690,ACTIVE,CAMPAIGN_PAUSED,inactive,"[""campaign_off""]",VISIT_INSTAGRAM_PROFILE,,,,2025-08-22T12:04:09-0300,2025-08-22T12:03:39-0300,2025-08-22T12:04:38-0300,1d_view_7d_click,"R$142,93 BRL",24661,11724,2.103463,"R$5,80 BRL",233,"0,94%",0.948867,234,"R$0,61 BRL",4,profile_visit_view,236,"R$0,61 BRL (Instagram profile visits)",,,,2025-08-29T12:04:09-0300,,
120248476524000690,ADV,120248476524020690,ACTIVE,CAMPAIGN_PAUSED,inactive,"[""campaign_off""]",OFFSITE_CONVERSIONS,,,,2026-06-19T09:56:29-0300,2026-06-19T09:56:29-0300,2026-06-19T09:56:47-0300,1d_view_7d_click_1d_ev,"R$142,75 BRL",19785,11626,1.701789,"R$7,22 BRL",171,"0,86%",0.41951,83,"R$1,72 BRL",18,actions:offsite_conversion.fb_pixel_purchase,2,"R$71,38 BRL (Website purchases)",2,"R$126,00 BRL",0.882662,2026-07-05T23:30:00-0300,,
120242342202450690,Post do Instagram: Arrasta pro lado e vê o que te...,120242342202290690,ACTIVE,CAMPAIGN_PAUSED,inactive,"[""campaign_off""]",VISIT_INSTAGRAM_PROFILE,,,,2026-03-23T00:09:23-0300,2026-03-22T19:10:15-0300,2026-03-22T19:10:34-0300,1d_view_7d_click,"R$141,58 BRL",17368,12047,1.441687,"R$8,15 BRL",251,"1,45%",1.427913,248,"R$0,57 BRL",11,profile_visit_view,255,"R$0,56 BRL (Instagram profile visits)",,,,2026-03-30T00:09:23-0300,,
120241579268450690,"Post do Instagram: O nome dele é Clássico, e você...",120241579267830690,ACTIVE,CAMPAIGN_PAUSED,inactive,"[""campaign_off""]",VISIT_INSTAGRAM_PROFILE,,,,2026-03-04T12:52:17-0300,2026-03-04T12:51:55-0300,2026-03-04T12:52:13-0300,1d_view_7d_click,"R$141,39 BRL",23155,12962,1.786376,"R$6,11 BRL",339,"1,46%",1.494278,346,"R$0,41 BRL",17,profile_visit_view,355,"R$0,40 BRL (Instagram profile visits)",,,,2026-03-11T12:52:17-0300,,
120245078887430690,ADV — [GeBox - Semana do dia 06/05],120245078887450690,ACTIVE,CAMPAIGN_PAUSED,inactive,"[""campaign_off""]",OFFSITE_CONVERSIONS,,,,2026-05-06T17:04:50-0300,2026-05-06T17:04:49-0300,2026-05-07T21:32:43-0300,1d_view_7d_click_1d_ev,"R$137,42 BRL",20685,11552,1.790599,"R$6,64 BRL",248,"1,20%",0.696157,144,"R$0,95 BRL",115,actions:offsite_conversion.fb_pixel_purchase,10,"R$13,74 BRL (Website purchases)",10,"R$373,10 BRL",2.715034,2026-05-31T23:30:00-0300,,
120224532621790690,[P. ADV][RAIO 5km],120224532621730690,ACTIVE,CAMPAIGN_PAUSED,inactive,"[""campaign_off""]",CONVERSATIONS,,,,2025-05-23T20:16:18-0300,2025-05-23T20:16:18-0300,2025-05-23T20:16:35-0300,1d_view_7d_click,"R$131,15 BRL",9876,7818,1.263239,"R$13,28 BRL",156,"1,58%",0.617659,61,"R$2,15 BRL",9,actions:onsite_conversion.messaging_conversation_started_7d,31,"R$4,23 BRL (Messaging conversations started)",2,"R$14.119,80 BRL",107.661456,2025-05-31T23:00:00-0300,,
120226958063440690,[P. SEMELHANTE IC][18 a 43],120226897894620690,ACTIVE,CAMPAIGN_PAUSED,inactive,"[""campaign_off""]",OFFSITE_CONVERSIONS,Highest volume,"R$0,00 BRL","R$450,00 BRL",2025-06-26T16:24:41-0300,2025-06-26T16:24:40-0300,2025-06-26T16:24:58-0300,1d_view_7d_click_1d_ev,"R$129,15 BRL",19137,14499,1.319884,"R$6,75 BRL",344,"1,80%",0.611381,117,"R$1,10 BRL",94,actions:offsite_conversion.fb_pixel_purchase,5,"R$25,83 BRL (Website purchases)",5,"R$441,80 BRL",3.420828,2025-07-06T23:30:00-0300,,
120225007386230690,[P. Direcionado][RAIO 5km],120225007386020690,ACTIVE,CAMPAIGN_PAUSED,inactive,"[""campaign_off""]",OFFSITE_CONVERSIONS,,,,2025-05-31T17:00:00-0300,2025-05-31T09:18:36-0300,2025-05-31T09:18:53-0300,1d_view_7d_click_1d_ev,"R$128,72 BRL",15315,8787,1.742916,"R$8,40 BRL",196,"1,28%",0.522364,80,"R$1,61 BRL",70,actions:offsite_conversion.fb_pixel_purchase,10,"R$12,87 BRL (Website purchases)",10,"R$973,20 BRL",7.560597,2025-06-29T23:15:00-0300,,
120208291885670690,[P. FRIO][INTERESSES][GEO 2KM],120203967962960690,PAUSED,PAUSED,off,"[""off""]",IMPRESSIONS,Highest volume,"R$5,50 BRL","R$0,00 BRL",2024-04-17T14:52:32-0300,2024-04-17T14:52:32-0300,2024-05-09T20:21:09-0300,1d_view_7d_click,"R$121,62 BRL",98892,18154,5.447395,"R$1,23 BRL",147,"0,15%",0.085952,85,"R$1,43 BRL",,reach,18154,"R$6,70 BRL (Reach)",,,,,,
120217906270330690,P.ABERO - ADVANTAGE+ - GEBOX,120217906270310690,ACTIVE,CAMPAIGN_PAUSED,inactive,"[""campaign_off""]",OFFSITE_CONVERSIONS,,,,2025-03-21T15:00:13-0300,2025-03-21T15:00:13-0300,2025-03-21T15:00:13-0300,1d_view_7d_click_1d_ev,"R$119,52 BRL",12866,4469,2.878944,"R$9,29 BRL",131,"1,02%",0.48189,62,"R$1,93 BRL",28,actions:offsite_conversion.fb_pixel_purchase,7,"R$17,07 BRL (Website purchases)",7,"R$24.684,50 BRL",206.530288,2025-05-31T14:36:00-0300,,
120246629124390690,ADV — [GeRib - Semana do dia 26.05],120245515017160690,ACTIVE,CAMPAIGN_PAUSED,inactive,"[""campaign_off""]",OFFSITE_CONVERSIONS,,,,2026-05-26T14:22:35-0300,2026-05-26T14:22:35-0300,2026-05-26T14:22:52-0300,1d_view_7d_click_1d_ev,"R$110,67 BRL",13593,4980,2.729518,"R$8,14 BRL",111,"0,82%",0.544398,74,"R$1,50 BRL",45,actions:offsite_conversion.fb_pixel_purchase,4,"R$27,67 BRL (Website purchases)",4,"R$192,50 BRL",1.739405,2026-05-31T23:30:00-0300,,
120227735215500690,Instagram Post,120227735215460690,ACTIVE,CAMPAIGN_PAUSED,inactive,"[""campaign_off""]",VISIT_INSTAGRAM_PROFILE,,,,2025-07-08T12:44:35-0300,2025-07-08T12:44:05-0300,2025-07-08T12:44:05-0300,1d_view_7d_click,"R$108,51 BRL",18799,11158,1.6848,"R$5,77 BRL",198,"1,05%",1.069206,201,"R$0,54 BRL",6,profile_visit_view,203,"R$0,53 BRL (Instagram profile visits)",,,,2025-07-15T12:44:35-0300,,
120227808336090690,Instagram Post,120227808335820690,ACTIVE,CAMPAIGN_PAUSED,inactive,"[""campaign_off""]",VISIT_INSTAGRAM_PROFILE,,,,2025-07-09T13:28:48-0300,2025-07-09T13:28:18-0300,2025-07-09T13:28:18-0300,1d_view_7d_click,"R$108,50 BRL",21422,10321,2.075574,"R$5,06 BRL",91,"0,42%",0.424797,91,"R$1,19 BRL",1,profile_visit_view,96,"R$1,13 BRL (Instagram profile visits)",,,,2025-07-16T13:28:48-0300,,
120210099318540690,Instagram Post,120210099318520690,ACTIVE,CAMPAIGN_PAUSED,inactive,"[""campaign_off""]",VISIT_INSTAGRAM_PROFILE,,,,2024-06-22T11:24:25-0300,2024-06-22T11:23:55-0300,2024-06-22T11:23:55-0300,1d_view_7d_click,"R$107,85 BRL",20518,11563,1.774453,"R$5,26 BRL",151,"0,74%",0.735939,151,"R$0,71 BRL",4,profile_visit_view,172,"R$0,63 BRL (Instagram profile visits)",,,,2024-06-29T11:24:25-0300,,
120245245253720690,[Raio 2km],120245243455420690,ACTIVE,CAMPAIGN_PAUSED,inactive,"[""campaign_off""]",REACH,,,,2026-05-09T00:01:00-0300,2026-05-08T20:14:14-0300,2026-05-08T20:14:30-0300,1d_view_7d_click,"R$103,12 BRL",85961,28890,2.975459,"R$1,20 BRL",248,"0,29%",0.141925,122,"R$0,85 BRL",1,reach,28890,"R$3,57 BRL (Reach)",,,,,,
120250340145440690,ADV [3km],120250340145410690,ACTIVE,CAMPAIGN_PAUSED,inactive,"[""campaign_off""]",OFFSITE_CONVERSIONS,,,,2026-08-11T11:54:40-0300,2026-08-11T11:54:40-0300,2026-08-11T11:54:57-0300,1d_view_7d_click_1d_ev,"R$102,38 BRL",11960,3455,3.46165,"R$8,56 BRL",64,"0,54%",0.317726,38,"R$2,69 BRL",16,actions:offsite_conversion.fb_pixel_purchase,2,"R$51,19 BRL (Website purchases)",2,"R$115,90 BRL",1.132057,2026-08-23T14:50:00-0300,,
120210562729950690,[P. FRIO][FOCO 2KM[21 a 43][TESTE],120210345926650690,PAUSED,PAUSED,off,"[""off""]",OFFSITE_CONVERSIONS,Highest volume,"R$0,00 BRL","R$300,00 BRL",2024-07-17T21:39:40-0300,2024-07-17T21:39:40-0300,2024-07-30T13:31:51-0300,1d_view_7d_click,"R$101,20 BRL",21261,11367,1.870414,"R$4,76 BRL",256,"1,20%",0.465641,99,"R$1,02 BRL",60,actions:offsite_conversion.fb_pixel_purchase,4,"R$25,30 BRL (Website purchases)",4,"R$15.230,80 BRL",150.501976,2024-08-16T23:23:00-0300,,
23859402361840689,"[P. MORNO][IG, FB & SITE][GEO 10KM]",23859395383330689,ACTIVE,CAMPAIGN_PAUSED,inactive,"[""campaign_off""]",OFFSITE_CONVERSIONS,Highest volume,"R$0,00 BRL","R$350,00 BRL",2023-09-27T15:01:50-0300,2023-09-27T15:01:50-0300,2023-10-05T00:34:55-0300,1d_view_7d_click,"R$99,35 BRL",10570,1702,6.210341,"R$9,40 BRL",156,"1,48%",0.350047,37,"R$2,69 BRL",25,actions:offsite_conversion.fb_pixel_purchase,7,"R$14,19 BRL (Website purchases)",7,"R$269,94 BRL",2.717061,2023-10-27T14:21:50-0300,,
120236177436980690,ADV - [3km] — Black 02,120227813792370690,PAUSED,PAUSED,off,"[""off""]",THRUPLAY,Highest volume,"R$20,00 BRL","R$0,00 BRL",2025-11-19T00:01:00-0300,2025-11-18T21:56:19-0300,2025-11-23T21:40:21-0300,1d_view_7d_click,"R$98,18 BRL",29448,18965,1.552755,"R$3,33 BRL",132,"0,45%",0.115458,34,"R$2,89 BRL",,video_thruplay_watched_actions,3668,"R$0,03 BRL (video_thruplay_watched_actions)",,,,,,
120248922999870690,ADV — [PROMO FESTIVAL],120248922999800690,ACTIVE,CAMPAIGN_PAUSED,inactive,"[""campaign_off""]",OFFSITE_CONVERSIONS,,,,2026-06-26T17:00:00-0300,2026-06-25T22:31:56-0300,2026-06-25T22:32:14-0300,1d_view_7d_click_1d_ev,"R$97,28 BRL",10827,4135,2.61838,"R$8,98 BRL",107,"0,99%",0.591115,64,"R$1,52 BRL",46,actions:offsite_conversion.fb_pixel_purchase,6,"R$16,21 BRL (Website purchases)",6,"R$303,00 BRL",3.11472,2026-06-29T00:01:00-0300,,
120217686651460690,REMARKETING 30D + MORNO (ENGAJAMENTO) 30D (14/03/25),120215485413360690,PAUSED,PAUSED,off,"[""off""]",OFFSITE_CONVERSIONS,Highest volume,"R$0,00 BRL","R$1.500,00 BRL",2025-03-14T17:26:28-0300,2025-03-14T17:26:27-0300,2025-03-17T12:47:44-0300,1d_view_7d_click,"R$91,23 BRL",8636,3560,2.425843,"R$10,56 BRL",110,"1,27%",0.625289,54,"R$1,69 BRL",27,actions:offsite_conversion.fb_pixel_purchase,1,"R$91,23 BRL (Website purchases)",1,"R$4.950,00 BRL",54.258468,2025-05-13T17:25:00-0300,,
120239805472450690,ADV,120239805472460690,ACTIVE,CAMPAIGN_PAUSED,inactive,"[""campaign_off""]",OFFSITE_CONVERSIONS,,,,2026-01-26T12:23:26-0300,2026-01-26T12:23:26-0300,2026-01-29T10:35:13-0300,1d_view_7d_click_1d_ev,"R$89,93 BRL",15636,9429,1.658288,"R$5,75 BRL",94,"0,60%",0.358148,56,"R$1,61 BRL",30,actions:offsite_conversion.fb_pixel_purchase,8,"R$11,24 BRL (Website purchases)",8,"R$273,90 BRL",3.045702,2026-01-29T23:45:00-0300,,
120227026444910690,[P. SEMELHANTE Repediu][18 a 43],120227026383680690,ACTIVE,CAMPAIGN_PAUSED,inactive,"[""campaign_off""]",OFFSITE_CONVERSIONS,,,,2025-06-28T17:00:00-0300,2025-06-27T20:57:25-0300,2025-07-01T16:45:07-0300,1d_view_7d_click_1d_ev,"R$88,79 BRL",19281,9524,2.024465,"R$4,61 BRL",205,"1,06%",0.337119,65,"R$1,37 BRL",45,actions:offsite_conversion.fb_pixel_purchase,5,"R$17,76 BRL (Website purchases)",5,"R$468,00 BRL",5.270864,2025-07-28T23:51:00-0300,,
120201750879620690,[P. FRIO][ABERTO][GEO 3KM],120201750879600690,ACTIVE,CAMPAIGN_PAUSED,inactive,"[""campaign_off""]",IMPRESSIONS,Highest volume,"R$10,00 BRL","R$0,00 BRL",2023-12-06T15:55:52-0300,2023-12-06T15:55:52-0300,2023-12-14T00:02:49-0300,1d_view_7d_click,"R$89,34 BRL",86319,23755,3.633719,"R$1,03 BRL",94,"0,11%",0.074144,64,"R$1,40 BRL",21,reach,23755,"R$3,76 BRL (Reach)",2,"R$143,20 BRL",1.602865,2023-12-17T23:40:03-0300,,
120245243455430690,[Raio 1km],120245243455420690,ACTIVE,CAMPAIGN_PAUSED,inactive,"[""campaign_off""]",REACH,,,,2026-05-09T00:01:00-0300,2026-05-08T20:14:22-0300,2026-05-08T20:14:39-0300,1d_view_7d_click,"R$83,90 BRL",69556,25555,2.721816,"R$1,21 BRL",200,"0,29%",0.172523,120,"R$0,70 BRL",,reach,25555,"R$3,28 BRL (Reach)",,,,,,
120244466015310690,ADV — [Gê Tropical - Semana do dia 27/04],120243462107720690,PAUSED,PAUSED,off,"[""off""]",OFFSITE_CONVERSIONS,,,,2026-04-27T20:55:39-0300,2026-04-27T20:55:39-0300,2026-05-05T10:11:55-0300,1d_view_7d_click_1d_ev,"R$82,70 BRL",9397,4980,1.886948,"R$8,80 BRL",135,"1,44%",0.947111,89,"R$0,93 BRL",72,actions:offsite_conversion.fb_pixel_purchase,13,"R$6,36 BRL (Website purchases)",13,"R$567,70 BRL",6.864571,2026-05-01T23:45:00-0300,,
23859395383490689,[P. FRIO][ABERTO][GEO 5KM],23859395383330689,PAUSED,PAUSED,off,"[""off""]",OFFSITE_CONVERSIONS,Highest volume,"R$0,00 BRL","R$450,00 BRL",2023-09-27T15:01:50-0300,2023-09-27T15:01:50-0300,2023-10-05T00:12:26-0300,1d_view_7d_click,"R$82,12 BRL",19199,9359,2.051394,"R$4,28 BRL",310,"1,61%",0.385437,74,"R$1,11 BRL",54,actions:offsite_conversion.fb_pixel_purchase,3,"R$27,37 BRL (Website purchases)",3,"R$36,14 BRL",0.440088,2023-10-27T14:21:50-0300,,
120250172812590690,ADV [3km],120250172812560690,ACTIVE,CAMPAIGN_PAUSED,inactive,"[""campaign_off""]",OFFSITE_CONVERSIONS,,,,2026-08-04T22:50:13-0300,2026-08-04T22:50:13-0300,2026-08-05T12:00:17-0300,1d_view_7d_click_1d_ev,"R$77,22 BRL",8583,3808,2.253939,"R$9,00 BRL",86,"1,00%",0.640802,55,"R$1,40 BRL",33,actions:offsite_conversion.fb_pixel_purchase,3,"R$25,74 BRL (Website purchases)",3,"R$93,10 BRL",1.205646,2026-08-09T23:35:00-0300,,
120201753065590690,[P. FRIO][ABERTO][GEO 3KM],120201753065600690,ACTIVE,CAMPAIGN_PAUSED,inactive,"[""campaign_off""]",OFFSITE_CONVERSIONS,Highest volume,"R$0,00 BRL","R$75,00 BRL",2023-12-06T16:09:54-0300,2023-12-06T16:09:54-0300,2023-12-06T16:16:33-0300,1d_view_7d_click,"R$75,00 BRL",15604,5564,2.804457,"R$4,81 BRL",119,"0,76%",0.320431,50,"R$1,50 BRL",33,actions:offsite_conversion.fb_pixel_purchase,4,"R$18,75 BRL (Website purchases)",4,"R$57,56 BRL",0.767467,2023-12-10T23:30:56-0300,,
120249693070190690,ADV,120249693070200690,ACTIVE,CAMPAIGN_PAUSED,inactive,"[""campaign_off""]",OFFSITE_CONVERSIONS,,,,2026-07-14T17:21:30-0300,2026-07-14T17:21:30-0300,2026-07-14T17:21:48-0300,1d_view_1d_click_1d_ev,"R$64,71 BRL",8188,3672,2.229847,"R$7,90 BRL",83,"1,01%",0.561798,46,"R$1,41 BRL",26,actions:offsite_conversion.fb_pixel_purchase,2,"R$32,36 BRL (Website purchases)",2,"R$91,90 BRL",1.420182,2026-07-19T23:12:00-0300,,
120224444941420690,[P. ADV][RAIO 5km],120224443839790690,PAUSED,PAUSED,off,"[""off""]",OFFSITE_CONVERSIONS,Highest volume,"R$0,00 BRL","R$300,00 BRL",2025-05-22T18:34:54-0300,2025-05-22T18:34:53-0300,2025-05-24T11:03:09-0300,1d_view_1d_click_1d_ev,"R$63,66 BRL",6867,5395,1.272845,"R$9,27 BRL",101,"1,47%",0.684433,47,"R$1,35 BRL",33,,,Not available (Website purchases),,,,2025-05-31T23:00:00-0300,actions:offsite_conversion.fb_pixel_purchase,Not available
120201261144080690,[P. FRIO][ABERTO][GEO 3KM],120201261144000690,PAUSED,PAUSED,off,"[""off""]",OFFSITE_CONVERSIONS,Highest volume,"R$0,00 BRL","R$350,00 BRL",2023-11-28T20:31:04-0300,2023-11-28T20:31:04-0300,2023-12-02T17:04:51-0300,1d_view_7d_click,"R$62,38 BRL",10424,6124,1.702155,"R$5,98 BRL",63,"0,60%",0.201458,21,"R$2,97 BRL",11,actions:offsite_conversion.fb_pixel_purchase,4,"R$15,60 BRL (Website purchases)",4,"R$91,20 BRL",1.462007,2023-12-28T20:13:56-0300,,
120225343781000690,Instagram Post,120225343780620690,ACTIVE,CAMPAIGN_PAUSED,inactive,"[""campaign_off""]",VISIT_INSTAGRAM_PROFILE,,,,2025-06-05T20:14:17-0300,2025-06-05T20:13:47-0300,2025-06-05T20:13:47-0300,1d_view_7d_click,"R$59,73 BRL",9025,6577,1.372206,"R$6,62 BRL",172,"1,91%",1.916898,173,"R$0,35 BRL",16,profile_visit_view,180,"R$0,33 BRL (Instagram profile visits)",,,,2025-06-09T20:14:17-0300,,
120224820824110690,[P. Direcionado][RAIO 5km] — Gê Week,120224443839790690,ACTIVE,CAMPAIGN_PAUSED,inactive,"[""campaign_off""]",OFFSITE_CONVERSIONS,Highest volume,"R$0,00 BRL","R$60,00 BRL",2025-05-28T17:30:00-0300,2025-05-27T21:02:15-0300,2025-05-27T21:02:33-0300,1d_view_1d_click_1d_ev,"R$58,40 BRL",6835,5137,1.330543,"R$8,54 BRL",123,"1,80%",0.643745,44,"R$1,33 BRL",36,actions:offsite_conversion.fb_pixel_purchase,4,"R$14,60 BRL (Website purchases)",4,"R$13.604,70 BRL",232.957192,2025-05-29T23:00:00-0300,,
120224523597470690,[P. Direcionado][RAIO 3km],120224523597420690,ACTIVE,CAMPAIGN_PAUSED,inactive,"[""campaign_off""]",CONVERSATIONS,,,,2025-05-23T17:49:34-0300,2025-05-23T17:49:34-0300,2025-07-30T10:33:16-0300,1d_view_7d_click,"R$58,07 BRL",4136,3019,1.36999,"R$14,04 BRL",63,"1,52%",0.676983,28,"R$2,07 BRL",4,actions:onsite_conversion.messaging_conversation_started_7d,14,"R$4,15 BRL (Messaging conversations started)",3,"R$321,20 BRL",5.531255,2025-07-31T23:00:00-0300,,
120234831307780690,"Anúncio de Visitas ao perfil do Instagram: A GE WEEK chegou com tudo! 

O Ultra Egg Bacon...",120234831306800690,ACTIVE,CAMPAIGN_PAUSED,inactive,"[""campaign_off""]",VISIT_INSTAGRAM_PROFILE,,,,2025-10-28T00:01:32-0300,2025-10-27T19:22:31-0300,2025-10-27T19:22:48-0300,1d_view_7d_click,"R$56,87 BRL",5873,4969,1.181928,"R$9,68 BRL",102,"1,74%",1.80487,106,"R$0,54 BRL",4,profile_visit_view,109,"R$0,52 BRL (Instagram profile visits)",,,,2025-10-31T00:01:32-0300,,
120226196734850690,[P. QUENTE][RAIO 5km] — LISTA,120226196734670690,ACTIVE,CAMPAIGN_PAUSED,inactive,"[""campaign_off""]",OFFSITE_CONVERSIONS,Highest volume,"R$0,00 BRL","R$150,00 BRL",2025-06-15T18:24:02-0300,2025-06-15T18:24:01-0300,2025-06-15T18:24:19-0300,1d_view_7d_click,"R$51,90 BRL",7943,7065,1.124275,"R$6,53 BRL",69,"0,87%",0.41546,33,"R$1,57 BRL",24,actions:offsite_conversion.fb_pixel_purchase,1,"R$51,90 BRL (Website purchases)",1,"R$90,00 BRL",1.734104,2025-06-22T23:15:00-0300,,
120234829085370690,Anúncio de Visitas ao perfil do Instagram: O momento mais esperado do dia chegou: HAPPY...,120234829085020690,ACTIVE,CAMPAIGN_PAUSED,inactive,"[""campaign_off""]",VISIT_INSTAGRAM_PROFILE,,,,2025-10-30T07:00:45-0300,2025-10-27T18:29:52-0300,2025-10-27T18:30:08-0300,1d_view_7d_click,"R$50,98 BRL",3594,2976,1.207661,"R$14,18 BRL",40,"1,11%",1.112966,40,"R$1,27 BRL",,profile_visit_view,42,"R$1,21 BRL (Instagram profile visits)",,,,2025-11-01T07:00:45-0300,,
120225786853680690,[P. FRIO][RAIO 3km],120225786853640690,ACTIVE,CAMPAIGN_PAUSED,inactive,"[""campaign_off""]",OFFSITE_CONVERSIONS,Highest volume,"R$0,00 BRL","R$50,00 BRL",2025-06-12T17:29:00-0300,2025-06-11T13:36:24-0300,2025-06-11T13:36:42-0300,1d_view_7d_click_1d_ev,"R$50,00 BRL",9585,6184,1.549968,"R$5,22 BRL",69,"0,72%",0.271257,26,"R$1,92 BRL",21,actions:offsite_conversion.fb_pixel_purchase,2,"R$25,00 BRL (Website purchases)",2,"R$207,00 BRL",4.14,2025-06-13T23:30:00-0300,,
120231193241490690,[Gê Week][Agosto],120225170496270690,PAUSED,PAUSED,off,"[""off""]",REACH,Highest volume,"R$20,00 BRL","R$0,00 BRL",2025-08-26T11:34:43-0300,2025-08-26T11:34:43-0300,2025-11-12T17:18:10-0300,1d_view_7d_click,"R$49,64 BRL",20284,18930,1.071527,"R$2,45 BRL",47,"0,23%",0.20706,42,"R$1,18 BRL",19,reach,18930,"R$2,62 BRL (Reach)",,,,2025-08-28T23:30:00-0300,,
120241991749190690,ADV [4km],120241991749200690,ACTIVE,CAMPAIGN_PAUSED,inactive,"[""campaign_off""]",AD_RECALL_LIFT,,,,2026-03-14T00:01:00-0300,2026-03-13T23:33:21-0300,2026-03-13T23:33:53-0300,1d_view_7d_click,"R$48,87 BRL",32647,20810,1.568813,"R$1,50 BRL",7,"0,0214%",0.003063,1,"R$48,87 BRL",,estimated_ad_recallers,1520,"R$0,03 BRL (Ad recall lift)",,,,2026-03-15T23:00:00-0300,,
120249993377410690,ADV [3km],120249993377400690,ACTIVE,CAMPAIGN_PAUSED,inactive,"[""campaign_off""]",OFFSITE_CONVERSIONS,,,,2026-07-28T16:35:06-0300,2026-07-28T16:35:06-0300,2026-07-28T16:35:23-0300,1d_view_7d_click_1d_ev,"R$48,31 BRL",5408,2392,2.26087,"R$8,93 BRL",48,"0,89%",0.425296,23,"R$2,10 BRL",11,,,Not available (Website purchases),,,,2026-07-30T23:25:00-0300,actions:offsite_conversion.fb_pixel_purchase,Not available
120203536202850690,[P. FRIO][20 A 45][GEO 5 KM],120203536202810690,ACTIVE,CAMPAIGN_PAUSED,inactive,"[""campaign_off""]",CONVERSATIONS,Highest volume,"R$0,00 BRL","R$45,00 BRL",2023-12-26T17:00:02-0300,2023-12-26T10:27:25-0300,2023-12-26T10:27:25-0300,1d_view_7d_click,"R$45,00 BRL",7092,5260,1.348289,"R$6,35 BRL",93,"1,31%",0.437112,31,"R$1,45 BRL",2,actions:onsite_conversion.messaging_conversation_started_7d,15,"R$3,00 BRL (Messaging conversations started)",6,"R$131,00 BRL",2.911111,2023-12-28T23:00:09-0300,,
120205859088520690,Instagram Post,120205859088470690,ACTIVE,CAMPAIGN_PAUSED,inactive,"[""campaign_off""]",LINK_CLICKS,,,,2024-02-23T11:56:13-0300,2024-02-23T11:55:43-0300,2024-02-23T11:55:43-0300,1d_view_7d_click,"R$44,86 BRL",12442,10261,1.212552,"R$3,61 BRL",280,"2,25%",2.073622,258,"R$0,17 BRL",,actions:link_click,258,"R$0,17 BRL (Link clicks)",,,,2024-03-01T11:56:13-0300,,
120232081996860690,[P. SEMELHANTE IC][18 a 43],120232081996780690,PAUSED,PAUSED,off,"[""off""]",OFFSITE_CONVERSIONS,Highest volume,"R$0,00 BRL","R$400,00 BRL",2025-09-12T17:00:00-0300,2025-09-12T15:48:17-0300,2025-09-13T22:09:37-0300,1d_view_7d_click,"R$44,47 BRL",6094,4142,1.47127,"R$7,30 BRL",20,"0,33%",0.196915,12,"R$3,71 BRL",6,,,Not available (Website purchases),,,,2025-09-30T23:01:00-0300,actions:offsite_conversion.fb_pixel_purchase,Not available
120232082734090690,ADV,120232081996780690,PAUSED,PAUSED,off,"[""off""]",OFFSITE_CONVERSIONS,Highest volume,"R$0,00 BRL","R$400,00 BRL",2025-09-12T17:00:00-0300,2025-09-12T15:48:09-0300,2025-09-13T22:09:39-0300,1d_view_7d_click,"R$44,20 BRL",4522,3795,1.191568,"R$9,77 BRL",47,"1,04%",0.530739,24,"R$1,84 BRL",17,,,Not available (Website purchases),,,,2025-09-30T23:01:00-0300,actions:offsite_conversion.fb_pixel_purchase,Not available
120250462200090690,Post do Instagram: Ge Classic chega conquistando...,120250462199560690,ACTIVE,ACTIVE,active,"[""active""]",VISIT_INSTAGRAM_PROFILE,,,,2026-08-15T09:53:15-0300,2026-08-15T09:52:47-0300,2026-08-15T09:53:07-0300,1d_view_7d_click,"R$41,74 BRL",4366,3624,1.204746,"R$9,56 BRL",116,"2,66%",2.198809,96,"R$0,43 BRL",2,profile_visit_view,97,"R$0,43 BRL (Instagram profile visits)",,,,,,
23859406731670689,"[P. MORNO][IG, FB & SITE][GEO 10KM]",23859406726360689,ACTIVE,CAMPAIGN_PAUSED,inactive,"[""campaign_off""]",CONVERSATIONS,Highest volume,"R$0,00 BRL","R$180,00 BRL",2023-09-27T16:54:54-0300,2023-09-27T16:54:54-0300,2023-09-27T16:54:54-0300,1d_view_7d_click,"R$41,61 BRL",4132,1772,2.331828,"R$10,07 BRL",87,"2,11%",0.314618,13,"R$3,20 BRL",1,actions:onsite_conversion.messaging_conversation_started_7d,3,"R$13,87 BRL (Messaging conversations started)",,,,2023-10-27T15:04:41-0300,,
120225488165510690,ADV [P. SEMELHANTE IC][18 a 43],120225488163370690,ACTIVE,CAMPAIGN_PAUSED,inactive,"[""campaign_off""]",OFFSITE_CONVERSIONS,,,,2025-06-07T23:08:24-0300,2025-06-07T23:08:24-0300,2025-06-07T23:08:43-0300,1d_view_7d_click_1d_ev,"R$40,28 BRL",5561,4597,1.209702,"R$7,24 BRL",78,"1,40%",0.665348,37,"R$1,09 BRL",26,actions:offsite_conversion.fb_pixel_purchase,2,"R$20,14 BRL (Website purchases)",2,"R$99,00 BRL",2.457795,2025-07-07T23:04:12-0300,,
120210801228380690,Instagram Post,120210801228280690,ACTIVE,CAMPAIGN_PAUSED,inactive,"[""campaign_off""]",VISIT_INSTAGRAM_PROFILE,,,,2024-07-31T17:46:16-0300,2024-07-31T17:45:46-0300,2024-07-31T17:45:46-0300,1d_view_7d_click,"R$37,38 BRL",8857,5971,1.483336,"R$4,22 BRL",27,"0,30%",0.304844,27,"R$1,38 BRL",,profile_visit_view,29,"R$1,29 BRL (Instagram profile visits)",,,,2024-08-05T17:46:16-0300,,
120228486963670690,[PROMO] - Terça-Feira,120228486963620690,ACTIVE,CAMPAIGN_PAUSED,inactive,"[""campaign_off""]",OFFSITE_CONVERSIONS,Highest volume,"R$0,00 BRL","R$180,00 BRL",2025-07-21T11:58:48-0300,2025-07-21T11:58:47-0300,2025-07-21T12:05:40-0300,1d_view_7d_click_1d_ev,"R$35,15 BRL",5754,4626,1.243839,"R$6,11 BRL",68,"1,18%",0.347584,20,"R$1,76 BRL",17,actions:offsite_conversion.fb_pixel_purchase,1,"R$35,15 BRL (Website purchases)",1,"R$143,90 BRL",4.093883,2025-08-21T23:32:00-0300,,
120228486963680690,[PROMO] - Quarta-Feira,120228486963620690,ACTIVE,CAMPAIGN_PAUSED,inactive,"[""campaign_off""]",OFFSITE_CONVERSIONS,Highest volume,"R$0,00 BRL","R$180,00 BRL",2025-07-21T11:58:48-0300,2025-07-21T11:58:47-0300,2025-07-21T12:05:34-0300,1d_view_7d_click_1d_ev,"R$35,06 BRL",4861,3934,1.235638,"R$7,21 BRL",59,"1,21%",0.370294,18,"R$1,95 BRL",15,,,Not available (Website purchases),,,,2025-08-21T23:32:00-0300,actions:offsite_conversion.fb_pixel_purchase,Not available
23862496957870689,[P. FRIO][ABERTO][GEO 10 KM],23862496957760689,ACTIVE,CAMPAIGN_PAUSED,inactive,"[""campaign_off""]",CONVERSATIONS,Highest volume,"R$0,00 BRL","R$35,00 BRL",2023-10-24T21:46:11-0300,2023-10-24T21:46:11-0300,2023-11-22T11:40:50-0300,1d_view_7d_click,"R$35,00 BRL",2454,2107,1.164689,"R$14,26 BRL",13,"0,53%",0.325998,8,"R$4,38 BRL",,actions:onsite_conversion.messaging_conversation_started_7d,2,"R$17,50 BRL (Messaging conversations started)",,,,2023-10-26T23:00:18-0300,,
120228486963690690,[PROMO] - Quinta-Feira,120228486963620690,ACTIVE,CAMPAIGN_PAUSED,inactive,"[""campaign_off""]",OFFSITE_CONVERSIONS,Highest volume,"R$0,00 BRL","R$180,00 BRL",2025-07-21T11:58:48-0300,2025-07-21T11:58:47-0300,2025-07-21T12:05:27-0300,1d_view_7d_click_1d_ev,"R$34,79 BRL",4602,3880,1.186082,"R$7,56 BRL",43,"0,93%",0.391134,18,"R$1,93 BRL",14,,,Not available (Website purchases),,,,2025-08-21T23:32:00-0300,actions:offsite_conversion.fb_pixel_purchase,Not available
120229248404980690,[Gê Week][Julho],120225170496270690,PAUSED,PAUSED,off,"[""off""]",REACH,Highest volume,"R$15,00 BRL","R$0,00 BRL",2025-07-29T16:30:54-0300,2025-07-29T16:30:54-0300,2025-08-04T12:49:00-0300,1d_view_7d_click,"R$34,23 BRL",11750,11607,1.01232,"R$2,91 BRL",26,"0,22%",0.178723,21,"R$1,63 BRL",9,reach,11607,"R$2,95 BRL (Reach)",,,,2025-07-31T23:30:00-0300,,
23856757631980689,Engajamento - Mensagem - Whatsapp,23856757631680689,ACTIVE,CAMPAIGN_PAUSED,inactive,"[""campaign_off""]",CONVERSATIONS,Highest volume,"R$0,00 BRL","R$600,00 BRL",2023-07-27T21:22:10-0300,2023-07-27T21:22:10-0300,2023-07-29T19:06:11-0300,1d_view_7d_click,"R$34,00 BRL",4008,3201,1.252109,"R$8,48 BRL",44,"1,10%",0.424152,17,"R$2,00 BRL",2,actions:onsite_conversion.messaging_conversation_started_7d,8,"R$4,25 BRL (Messaging conversations started)",,,,2023-08-31T00:00:00-0300,,
120224532621810690,[P. Direcionado][RAIO 3km],120224532621730690,ACTIVE,CAMPAIGN_PAUSED,inactive,"[""campaign_off""]",CONVERSATIONS,,,,2025-05-23T20:16:13-0300,2025-05-23T20:16:12-0300,2025-05-23T20:16:30-0300,1d_view_7d_click,"R$33,46 BRL",2251,1723,1.306442,"R$14,86 BRL",37,"1,64%",0.710795,16,"R$2,09 BRL",3,actions:onsite_conversion.messaging_conversation_started_7d,7,"R$4,78 BRL (Messaging conversations started)",2,"R$6.049,90 BRL",180.809922,2025-05-31T23:00:00-0300,,
120224443840940690,[P. FRIO][RAIO 5km],120224443839790690,PAUSED,PAUSED,off,"[""off""]",OFFSITE_CONVERSIONS,Highest volume,"R$0,00 BRL","R$300,00 BRL",2025-05-22T18:34:30-0300,2025-05-22T18:34:30-0300,2025-05-23T17:49:41-0300,1d_view_1d_click_1d_ev,"R$31,31 BRL",3847,3566,1.0788,"R$8,14 BRL",59,"1,53%",0.701846,27,"R$1,16 BRL",25,,,Not available (Website purchases),,,,2025-05-31T23:00:00-0300,actions:offsite_conversion.fb_pixel_purchase,Not available
120243701135820690,[Promo dia do Amigo],120225170496270690,PAUSED,PAUSED,off,"[""off""]",AD_RECALL_LIFT,Highest volume,"R$30,00 BRL","R$0,00 BRL",2026-04-18T00:00:00-0300,2026-04-17T23:31:20-0300,2026-04-19T15:08:08-0300,1d_view_7d_click,"R$29,94 BRL",18633,13663,1.363756,"R$1,61 BRL",51,"0,27%",0.182472,34,"R$0,88 BRL",,estimated_ad_recallers,90,"R$0,33 BRL (Ad recall lift)",,,,2026-04-19T00:30:00-0300,,
120224188138700690,TESTE DE PÚBLICO 01,120212332355730690,ACTIVE,CAMPAIGN_PAUSED,inactive,"[""campaign_off""]",OFFSITE_CONVERSIONS,Highest volume,"R$0,00 BRL","R$600,00 BRL",2025-05-19T10:47:46-0300,2025-05-19T10:41:48-0300,2025-05-19T10:41:48-0300,1d_view_7d_click,"R$26,90 BRL",3511,2900,1.21069,"R$7,66 BRL",48,"1,37%",0.569638,20,"R$1,35 BRL",14,,,Not available (Website purchases),,,,2025-06-18T10:40:00-0300,actions:offsite_conversion.fb_pixel_purchase,Not available
23861460397130689,"[P. FRIO][EXCLUSÃO IG, FB & SITE][GEO 10KM]",23861403164910689,PAUSED,PAUSED,off,"[""off""]",OFFSITE_CONVERSIONS,Highest volume,"R$0,00 BRL","R$350,00 BRL",2023-10-06T19:38:34-0300,2023-10-06T19:38:34-0300,2023-10-08T19:33:55-0300,1d_view_7d_click,"R$26,72 BRL",8016,5907,1.357034,"R$3,33 BRL",106,"1,32%",0.411677,33,"R$0,81 BRL",21,,,Not available (Website purchases),,,,2023-11-05T14:21:50-0300,actions:offsite_conversion.fb_pixel_purchase,Not available
23856442654540689,Vendas - CLIENTEVIP,23856442654380689,ACTIVE,CAMPAIGN_PAUSED,inactive,"[""campaign_off""]",OFFSITE_CONVERSIONS,Highest volume,"R$0,00 BRL","R$500,00 BRL",2023-07-15T18:21:21-0300,2023-07-15T18:21:20-0300,2023-07-28T15:34:57-0300,1d_view_7d_click,"R$26,23 BRL",1901,186,10.22043,"R$13,80 BRL",14,"0,74%",0.420831,8,"R$3,28 BRL",1,actions:offsite_conversion.fb_pixel_purchase,2,"R$13,12 BRL (Website purchases)",2,,,2023-08-31T17:57:54-0300,,
120224189639230690,AQUECIMENTO DE PÚBLICO,120224189639240690,ACTIVE,CAMPAIGN_PAUSED,inactive,"[""campaign_off""]",IMPRESSIONS,Highest volume,"R$6,00 BRL","R$0,00 BRL",2025-05-19T11:22:03-0300,2025-05-19T11:22:03-0300,2025-05-21T19:04:16-0300,1d_view_7d_click,"R$25,93 BRL",25413,19892,1.277549,"R$1,02 BRL",53,"0,21%",0.06296,16,"R$1,62 BRL",,reach,19892,"R$1,30 BRL (Reach)",,,,,,
120217908514580690,P.ABERO - ADVANTAGE+ - BURGUERES,120217906270310690,ACTIVE,CAMPAIGN_PAUSED,inactive,"[""campaign_off""]",OFFSITE_CONVERSIONS,,,,2025-03-21T15:26:22-0300,2025-03-21T15:26:21-0300,2025-03-21T15:26:21-0300,1d_view_7d_click_1d_ev,"R$25,71 BRL",2392,959,2.494265,"R$10,75 BRL",11,"0,46%",0.292642,7,"R$3,67 BRL",2,,,Not available (Website purchases),,,,2025-05-31T14:36:00-0300,actions:offsite_conversion.fb_pixel_purchase,Not available
120225488165520690,[P. SEMELHANTE IC][18 a 43],120225488163370690,ACTIVE,CAMPAIGN_PAUSED,inactive,"[""campaign_off""]",OFFSITE_CONVERSIONS,,,,2025-06-07T23:08:13-0300,2025-06-07T23:08:12-0300,2025-06-07T23:08:30-0300,1d_view_7d_click_1d_ev,"R$25,49 BRL",3422,2839,1.205354,"R$7,45 BRL",40,"1,17%",0.43834,15,"R$1,70 BRL",12,actions:offsite_conversion.fb_pixel_purchase,2,"R$12,75 BRL (Website purchases)",2,"R$138,20 BRL",5.421734,2025-07-07T23:04:12-0300,,
120244050295460690,"Post do Instagram: Preço baixo, sabor absurdo! 🤩...",120244050293630690,ACTIVE,CAMPAIGN_PAUSED,inactive,"[""campaign_off""]",VISIT_INSTAGRAM_PROFILE,,,,2026-04-22T15:46:07-0300,2026-04-22T15:45:40-0300,2026-04-22T15:45:57-0300,1d_view_7d_click,"R$24,91 BRL",7501,6572,1.141357,"R$3,32 BRL",88,"1,17%",1.213172,91,"R$0,27 BRL",1,profile_visit_view,87,"R$0,29 BRL (Instagram profile visits)",,,,2026-04-23T15:46:07-0300,,
120224188392720690,TESTE DE PÚBLICO 02,120212332355730690,ACTIVE,CAMPAIGN_PAUSED,inactive,"[""campaign_off""]",OFFSITE_CONVERSIONS,Highest volume,"R$0,00 BRL","R$600,00 BRL",2025-05-19T10:52:56-0300,2025-05-19T10:47:47-0300,2025-05-19T10:47:47-0300,1d_view_7d_click,"R$24,61 BRL",3303,2908,1.135832,"R$7,45 BRL",39,"1,18%",0.514684,17,"R$1,45 BRL",18,actions:offsite_conversion.fb_pixel_purchase,2,"R$12,31 BRL (Website purchases)",2,"R$180,00 BRL",7.3141,2025-06-18T10:40:00-0300,,
120244058256140690,"Post do Instagram: R$26,91 no Ge Amazônico até...",120244058255840690,ACTIVE,CAMPAIGN_PAUSED,inactive,"[""campaign_off""]",VISIT_INSTAGRAM_PROFILE,,,,2026-04-22T20:53:52-0300,2026-04-22T20:53:27-0300,2026-04-22T20:53:43-0300,1d_view_7d_click,"R$24,56 BRL",2532,1920,1.31875,"R$9,70 BRL",32,"1,26%",1.184834,30,"R$0,82 BRL",1,profile_visit_view,30,"R$0,82 BRL (Instagram profile visits)",,,,2026-04-23T20:53:52-0300,,
120225787392900690,[DIA DOS NAMORADOS],120225170496270690,PAUSED,PAUSED,off,"[""off""]",IMPRESSIONS,Highest volume,"R$10,01 BRL","R$0,00 BRL",2025-06-11T13:44:09-0300,2025-06-11T13:44:09-0300,2025-06-14T11:22:40-0300,1d_view_7d_click,"R$23,45 BRL",19638,12612,1.557088,"R$1,19 BRL",42,"0,21%",0.152765,30,"R$0,78 BRL",,reach,12612,"R$1,86 BRL (Reach)",,,,2025-06-13T22:00:00-0300,,
120224821974360690,Instagram Post,120224821972960690,ACTIVE,CAMPAIGN_PAUSED,inactive,"[""campaign_off""]",VISIT_INSTAGRAM_PROFILE,,,,2025-05-27T21:53:17-0300,2025-05-27T21:52:47-0300,2025-05-27T21:52:47-0300,1d_view_7d_click,"R$19,93 BRL",4183,2917,1.434008,"R$4,76 BRL",85,"2,03%",2.103753,88,"R$0,23 BRL",5,profile_visit_view,111,"R$0,18 BRL (Instagram profile visits)",,,,2025-05-29T21:53:17-0300,,
120204738105320690,[P. FRIO][ABERTO][GEO 3KM][LEMBRANÇA],120203967962960690,PAUSED,PAUSED,off,"[""off""]",AD_RECALL_LIFT,Highest volume,"R$15,00 BRL","R$0,00 BRL",2024-01-30T18:15:34-0300,2024-01-30T18:15:34-0300,2024-02-03T00:58:42-0300,1d_view_7d_click,"R$17,96 BRL",5285,3023,1.748263,"R$3,40 BRL",15,"0,28%",0.151372,8,"R$2,25 BRL",,estimated_ad_recallers,80,"R$0,22 BRL (Ad recall lift)",,,,2024-01-31T23:00:00-0300,,
120250582377350690,ADV — [Quente Sugestão],120250582377310690,ACTIVE,ACTIVE,active,"[""in_learning_phase""]",OFFSITE_CONVERSIONS,,,,2026-08-21T17:00:00-0300,2026-08-21T15:53:39-0300,2026-08-21T15:53:58-0300,1d_view_7d_click,"R$17,28 BRL",917,716,1.280726,"R$18,84 BRL",10,"1,09%",0.654308,6,"R$2,88 BRL",3,,,Not available (Website purchases),,,,2026-08-29T23:27:00-0300,actions:offsite_conversion.fb_pixel_purchase,Not available
120212332109540690,QUENTE 30D  3KM,120212331118100690,PAUSED,PAUSED,off,"[""off""]",CONVERSATIONS,,,,2024-10-04T17:54:14-0300,2024-10-04T17:54:14-0300,2024-10-14T22:47:04-0300,1d_view_7d_click,"R$16,22 BRL",1301,678,1.918879,"R$12,47 BRL",31,"2,38%",0.691776,9,"R$1,80 BRL",3,actions:onsite_conversion.messaging_conversation_started_7d,5,"R$3,24 BRL (Messaging conversations started)",,,,2024-10-12T16:39:00-0300,,
120200077656960690,[P. MORNO][INSTA][GEO 15 KM],23862496957760689,ACTIVE,CAMPAIGN_PAUSED,inactive,"[""campaign_off""]",CONVERSATIONS,Highest volume,"R$0,00 BRL","R$15,00 BRL",2023-10-25T13:26:15-0300,2023-10-25T13:26:15-0300,2023-10-25T13:26:15-0300,1d_view_7d_click,"R$15,00 BRL",2141,1085,1.973272,"R$7,01 BRL",20,"0,93%",0.373657,8,"R$1,88 BRL",1,actions:onsite_conversion.messaging_conversation_started_7d,1,"R$15,00 BRL (Messaging conversations started)",,,,2023-10-26T23:00:18-0300,,
23859221137040689,[P. FRIO][ABERTO][GEO 12KM],23859221136940689,ACTIVE,CAMPAIGN_PAUSED,inactive,"[""campaign_off""]",REACH,Highest volume,"R$0,00 BRL","R$15,00 BRL",2023-09-27T14:21:06-0300,2023-09-27T14:21:06-0300,2023-09-27T14:21:06-0300,1d_view_7d_click,"R$15,00 BRL",10453,10446,1.00067,"R$1,43 BRL",10,"0,0957%",0.047833,5,"R$3,00 BRL",4,reach,10446,"R$1,44 BRL (Reach)",,,,2023-09-28T23:00:00-0300,,
120230749745200690,[P. ADV][18 a 43],120230749744780690,ACTIVE,CAMPAIGN_PAUSED,inactive,"[""campaign_off""]",OFFSITE_CONVERSIONS,,,,2025-08-19T17:42:28-0300,2025-08-19T17:42:27-0300,2025-08-19T17:42:45-0300,1d_view_7d_click,"R$11,13 BRL",1256,763,1.646134,"R$8,86 BRL",9,"0,72%",0.477707,6,"R$1,86 BRL",5,,,Not available (Website purchases),,,,2025-08-31T23:01:00-0300,actions:offsite_conversion.fb_pixel_purchase,Not available
120201189996170690,[P. FRIO][ABERTO][GEO 2KM][BLACK],120200344064960690,PAUSED,PAUSED,off,"[""off""]",REACH,Highest volume,"R$15,00 BRL","R$0,00 BRL",2023-11-25T12:11:42-0300,2023-11-25T12:11:42-0300,2023-11-25T23:12:00-0300,1d_view_7d_click,"R$7,37 BRL",3742,3690,1.014092,"R$1,97 BRL",1,"0,0267%",0.026724,1,"R$7,37 BRL",,reach,3690,"R$2,00 BRL (Reach)",,,,2023-11-26T23:00:22-0300,,
120226897894810690,[P. SEMELHANTE IC][18 a 43] CPA IDEAL,120226897894620690,PAUSED,PAUSED,off,"[""off""]",OFFSITE_CONVERSIONS,Cost per result goal,"R$0,00 BRL","R$450,00 BRL",2025-06-25T15:09:46-0300,2025-06-25T15:09:46-0300,2025-06-29T11:07:24-0300,1d_view_7d_click_1d_ev,"R$6,39 BRL",1045,875,1.194286,"R$6,11 BRL",18,"1,72%",0.191388,2,"R$3,20 BRL",2,,,Not available (Website purchases),,,,2025-07-06T23:30:00-0300,actions:offsite_conversion.fb_pixel_purchase,Not available
120246722698520690,ADV — [Teste Público Quente] — [27.05],120233532885890690,PAUSED,PAUSED,off,"[""off""]",CONVERSATIONS,Highest volume,"R$0,00 BRL","R$1.250,00 BRL",2026-05-28T17:00:00-0300,2026-05-27T20:05:49-0300,2026-05-29T20:10:34-0300,1d_view_7d_click,"R$0,00 BRL",0,0,0,,0,,,,,,,,Not available (Messaging conversations started),,,,2026-06-28T23:02:00-0300,actions:onsite_conversion.messaging_conversation_started_7d,Not available
120236318689300690,[BLACK],120225170496270690,PAUSED,PAUSED,off,"[""off""]",AD_RECALL_LIFT,Highest volume,"R$30,00 BRL","R$0,00 BRL",2025-11-21T10:57:14-0300,2025-11-21T10:57:14-0300,2025-11-21T10:57:45-0300,1d_view_7d_click,"R$0,00 BRL",0,0,0,,0,,,,,,,,Not available (Ad recall lift),,,,2025-11-23T19:01:17-0300,estimated_ad_recallers,Not available
120236120703420690,ADV - [3km],120227813792370690,PAUSED,PAUSED,off,"[""off""]",THRUPLAY,Highest volume,"R$20,00 BRL","R$0,00 BRL",2025-11-18T00:01:00-0300,2025-11-17T22:44:08-0300,2025-11-18T22:01:28-0300,1d_view_7d_click,"R$0,00 BRL",0,0,0,,0,,,,,,,,Not available (video_thruplay_watched_actions),,,,,video_thruplay_watched_actions,Not available
120235950950340690,ADV - [3km],120227813792370690,PAUSED,PAUSED,off,"[""off""]",THRUPLAY,Highest volume,"R$20,00 BRL","R$0,00 BRL",2025-11-14T13:09:37-0300,2025-11-14T13:09:36-0300,2025-11-18T21:53:27-0300,1d_view_7d_click,"R$0,00 BRL",0,0,0,,0,,,,,,,,Not available (video_thruplay_watched_actions),,,,,video_thruplay_watched_actions,Not available
120211342575820690,[P. FRIO][21 a 43][GEWEEK AGOSTO],120205274749610690,PAUSED,PAUSED,off,"[""off""]",CONVERSATIONS,Highest volume,"R$65,00 BRL","R$0,00 BRL",2024-08-27T00:27:46-0300,2024-08-27T00:27:46-0300,2024-09-17T12:48:15-0300,1d_view_7d_click,"R$0,00 BRL",0,0,0,,0,,,,,,,,Not available (Messaging conversations started),,,,2024-08-29T23:00:00-0300,actions:onsite_conversion.messaging_conversation_started_7d,Not available
120206600103920690,[P. FRIO][ABERTO][GEO 2KM],120203967962960690,PAUSED,PAUSED,off,"[""off""]",REACH,Highest volume,"R$5,50 BRL","R$0,00 BRL",2024-03-09T12:24:40-0300,2024-03-09T12:24:40-0300,2024-03-09T12:24:57-0300,1d_view_7d_click,"R$0,00 BRL",0,0,0,,0,,,,,,,,Not available (Reach),,,,,reach,Not available
23855591099760689,Hamburgueres & Fast Food,23855591099600689,ACTIVE,CAMPAIGN_PAUSED,inactive,"[""campaign_off""]",CONVERSATIONS,Highest volume,"R$0,00 BRL","R$600,00 BRL",2023-07-01T22:26:13-0300,2023-07-01T22:26:13-0300,2023-07-04T22:48:29-0300,1d_view_7d_click,"R$0,00 BRL",0,0,0,,0,,,,,,,,Not available (Messaging conversations started),,,,2023-07-31T00:00:00-0300,actions:onsite_conversion.messaging_conversation_started_7d,Not available
23855178816500689,Novo conjunto de anúncios de Vendas,23855178816320689,ACTIVE,CAMPAIGN_PAUSED,inactive,"[""campaign_off""]",OFFSITE_CONVERSIONS,Highest volume,"R$150,00 BRL","R$0,00 BRL",2023-06-24T17:38:55-0300,2023-06-24T17:38:55-0300,2023-06-24T17:38:55-0300,1d_view_7d_click,"R$0,00 BRL",0,0,0,,0,,,,,,,,Not available (Website purchases),,,,2023-06-26T00:00:00-0300,actions:offsite_conversion.fb_pixel_purchase,Not available
23854852055790689,Domingo,23854852055720689,ACTIVE,CAMPAIGN_PAUSED,inactive,"[""campaign_off""]",OFFSITE_CONVERSIONS,Highest volume,"R$0,00 BRL","R$67,00 BRL",2023-06-17T22:42:25-0300,2023-06-17T22:42:25-0300,2023-06-18T18:22:01-0300,1d_view_7d_click,"R$0,00 BRL",0,0,0,,0,,,,,,,,Not available (Website purchases),,,,2023-06-30T22:12:10-0300,actions:offsite_conversion.fb_pixel_purchase,Not available
23854850307400689,Sábado,23854850307390689,ACTIVE,CAMPAIGN_PAUSED,inactive,"[""campaign_off""]",OFFSITE_CONVERSIONS,Highest volume,"R$0,00 BRL","R$72,10 BRL",2023-06-17T21:34:44-0300,2023-06-17T21:34:41-0300,2023-06-17T21:39:39-0300,1d_view_7d_click,"R$0,00 BRL",0,0,0,,0,,,,,,,,Not available (Website purchases),,,,2023-06-30T23:30:18-0300,actions:offsite_conversion.fb_pixel_purchase,Not available
23854567294850689,Hamburgueres - 18 - 60 - Terça,23854467555490689,PAUSED,PAUSED,off,"[""off""]",OFFSITE_CONVERSIONS,Highest volume,"R$0,00 BRL","R$416,00 BRL",2023-06-06T15:58:54-0300,2023-06-06T15:58:54-0300,2023-06-29T21:20:29-0300,1d_view_7d_click,"R$0,00 BRL",0,0,0,,0,,,,,,,,Not available (Website purchases),,,,2023-07-01T23:44:56-0300,actions:offsite_conversion.fb_pixel_purchase,Not available
23854509177010689,Público amplo - Sexta,23854509176890689,ACTIVE,CAMPAIGN_PAUSED,inactive,"[""campaign_off""]",LINK_CLICKS,Highest volume,"R$0,00 BRL","R$160,00 BRL",2023-06-04T00:36:27-0300,2023-06-04T00:36:27-0300,2023-07-27T21:09:05-0300,1d_view_7d_click,"R$0,00 BRL",0,0,0,,0,,,,,,,,Not available (Link clicks),,,,2023-06-30T23:30:30-0300,actions:link_click,Not available
23854509176950689,Público amplo - Terça,23854509176890689,ACTIVE,CAMPAIGN_PAUSED,inactive,"[""campaign_off""]",LINK_CLICKS,Highest volume,"R$0,00 BRL","R$162,00 BRL",2023-06-04T00:36:22-0300,2023-06-04T00:36:22-0300,2023-07-27T21:09:05-0300,1d_view_7d_click,"R$0,00 BRL",0,0,0,,0,,,,,,,,Not available (Link clicks),,,,2023-06-30T23:30:30-0300,actions:link_click,Not available
23854509176940689,Público amplo - Quinta,23854509176890689,ACTIVE,CAMPAIGN_PAUSED,inactive,"[""campaign_off""]",LINK_CLICKS,Highest volume,"R$0,00 BRL","R$160,00 BRL",2023-06-04T00:36:27-0300,2023-06-04T00:36:27-0300,2023-07-27T21:09:05-0300,1d_view_7d_click,"R$0,00 BRL",0,0,0,,0,,,,,,,,Not available (Link clicks),,,,2023-06-30T23:30:30-0300,actions:link_click,Not available
23854509176930689,Público amplo - Quarta,23854509176890689,ACTIVE,CAMPAIGN_PAUSED,inactive,"[""campaign_off""]",LINK_CLICKS,Highest volume,"R$0,00 BRL","R$160,00 BRL",2023-06-04T00:36:22-0300,2023-06-04T00:36:22-0300,2023-07-27T21:09:05-0300,1d_view_7d_click,"R$0,00 BRL",0,0,0,,0,,,,,,,,Not available (Link clicks),,,,2023-06-30T23:30:30-0300,actions:link_click,Not available
23854509176920689,Público amplo - Sábado,23854509176890689,ACTIVE,CAMPAIGN_PAUSED,inactive,"[""campaign_off""]",LINK_CLICKS,Highest volume,"R$0,00 BRL","R$160,00 BRL",2023-06-04T00:36:34-0300,2023-06-04T00:36:34-0300,2023-07-27T21:09:05-0300,1d_view_7d_click,"R$0,00 BRL",0,0,0,,0,,,,,,,,Not available (Link clicks),,,,2023-06-30T23:30:30-0300,actions:link_click,Not available
23854509176910689,Público amplo - Domingo,23854509176890689,ACTIVE,CAMPAIGN_PAUSED,inactive,"[""campaign_off""]",LINK_CLICKS,Highest volume,"R$0,00 BRL","R$160,00 BRL",2023-06-04T00:35:53-0300,2023-06-04T00:35:52-0300,2023-07-27T21:09:05-0300,1d_view_7d_click,"R$0,00 BRL",0,0,0,,0,,,,,,,,Not available (Link clicks),,,,2023-06-30T23:30:30-0300,actions:link_click,Not available
23854467555540689,Hamburgueres - 18 - 60,23854467555490689,ACTIVE,CAMPAIGN_PAUSED,inactive,"[""campaign_off""]",OFFSITE_CONVERSIONS,Highest volume,"R$0,00 BRL","R$4.000,00 BRL",2023-06-02T00:06:33-0300,2023-06-02T00:06:33-0300,2023-07-04T22:48:49-0300,1d_view_7d_click,"R$0,00 BRL",0,0,0,,0,,,,,,,,Not available (Website purchases),,,,2023-07-31T23:44:56-0300,actions:offsite_conversion.fb_pixel_purchase,Not available
23854465452960689,Público amplo - Quinta - Remarketing 365 Dias Instagram/Facebook,23854465452890689,PAUSED,PAUSED,off,"[""off""]",CONVERSATIONS,Highest volume,"R$0,00 BRL","R$160,00 BRL",2023-06-01T22:07:46-0300,2023-06-01T22:07:46-0300,2023-06-10T20:23:26-0300,1d_view_7d_click,"R$0,00 BRL",0,0,0,,0,,,,,,,,Not available (Messaging conversations started),,,,2023-06-30T23:30:30-0300,actions:onsite_conversion.messaging_conversation_started_7d,Not available
23854465452950689,Público amplo - Quarta - Remarketing 365 Dias Instagram/Facebook,23854465452890689,PAUSED,PAUSED,off,"[""off""]",CONVERSATIONS,Highest volume,"R$0,00 BRL","R$160,00 BRL",2023-06-01T22:39:21-0300,2023-06-01T22:39:21-0300,2023-06-10T20:23:26-0300,1d_view_7d_click,"R$0,00 BRL",0,0,0,,0,,,,,,,,Not available (Messaging conversations started),,,,2023-06-30T23:30:30-0300,actions:onsite_conversion.messaging_conversation_started_7d,Not available
23854465452920689,Público amplo - Sábado - Remarketing 365 Dias Instagram/Facebook,23854465452890689,PAUSED,PAUSED,off,"[""off""]",CONVERSATIONS,Highest volume,"R$0,00 BRL","R$680,94 BRL",2023-06-01T22:32:54-0300,2023-06-01T22:32:54-0300,2023-06-10T20:25:15-0300,1d_view_7d_click,"R$0,00 BRL",0,0,0,,0,,,,,,,,Not available (Messaging conversations started),,,,2023-06-30T23:30:30-0300,actions:onsite_conversion.messaging_conversation_started_7d,Not available
23854465452910689,Público amplo - Terça - Remarketing 365 Dias Instagram/Facebook,23854465452890689,ACTIVE,CAMPAIGN_PAUSED,inactive,"[""campaign_off""]",CONVERSATIONS,Highest volume,"R$0,00 BRL","R$1.187,19 BRL",2023-06-01T22:37:27-0300,2023-06-01T22:37:27-0300,2023-06-10T20:31:12-0300,1d_view_7d_click,"R$0,00 BRL",0,0,0,,0,,,,,,,,Not available (Messaging conversations started),,,,2023-06-30T23:30:30-0300,actions:onsite_conversion.messaging_conversation_started_7d,Not available
23854465452860689,Público amplo - Domingo - Remarketing 365 Dias Instagram/Facebook,23854465452890689,PAUSED,PAUSED,off,"[""off""]",CONVERSATIONS,Highest volume,"R$0,00 BRL","R$160,00 BRL",2023-06-01T22:34:58-0300,2023-06-01T22:34:58-0300,2023-06-10T20:23:25-0300,1d_view_7d_click,"R$0,00 BRL",0,0,0,,0,,,,,,,,Not available (Messaging conversations started),,,,2023-06-30T23:30:30-0300,actions:onsite_conversion.messaging_conversation_started_7d,Not available
23854465452840689,Público amplo - Sexta - Remarketing 365 Dias Instagram/Facebook,23854465452890689,PAUSED,PAUSED,off,"[""off""]",CONVERSATIONS,Highest volume,"R$0,00 BRL","R$160,00 BRL",2023-06-01T22:27:43-0300,2023-06-01T22:27:43-0300,2023-06-10T20:23:24-0300,1d_view_7d_click,"R$0,00 BRL",0,0,0,,0,,,,,,,,Not available (Messaging conversations started),,,,2023-06-30T23:30:30-0300,actions:onsite_conversion.messaging_conversation_started_7d,Not available
23854425896680689,Público amplo - Domingo,23854398236240689,PAUSED,PAUSED,off,"[""off""]",CONVERSATIONS,Highest volume,"R$0,00 BRL","R$160,00 BRL",2023-06-01T00:24:04-0300,2023-06-01T00:24:04-0300,2023-06-10T20:23:22-0300,1d_view_7d_click,"R$0,00 BRL",0,0,0,,0,,,,,,,,Not available (Messaging conversations started),,,,2023-06-30T23:30:30-0300,actions:onsite_conversion.messaging_conversation_started_7d,Not available
23854425090320689,Público amplo - Sábado,23854398236240689,PAUSED,PAUSED,off,"[""off""]",CONVERSATIONS,Highest volume,"R$0,00 BRL","R$160,00 BRL",2023-06-01T00:13:17-0300,2023-06-01T00:13:17-0300,2023-06-10T20:25:19-0300,1d_view_7d_click,"R$0,00 BRL",0,0,0,,0,,,,,,,,Not available (Messaging conversations started),,,,2023-06-30T23:30:30-0300,actions:onsite_conversion.messaging_conversation_started_7d,Not available
23854424747740689,Público amplo - Sexta,23854398236240689,PAUSED,PAUSED,off,"[""off""]",CONVERSATIONS,Highest volume,"R$0,00 BRL","R$160,00 BRL",2023-05-31T23:54:27-0300,2023-05-31T23:54:27-0300,2023-06-10T20:25:15-0300,1d_view_7d_click,"R$0,00 BRL",0,0,0,,0,,,,,,,,Not available (Messaging conversations started),,,,2023-06-30T23:30:30-0300,actions:onsite_conversion.messaging_conversation_started_7d,Not available
23854399303050689,Público amplo - Quinta,23854398236240689,PAUSED,PAUSED,off,"[""off""]",CONVERSATIONS,Highest volume,"R$0,00 BRL","R$160,00 BRL",2023-05-30T23:22:47-0300,2023-05-30T23:22:47-0300,2023-06-10T20:25:17-0300,1d_view_7d_click,"R$0,00 BRL",0,0,0,,0,,,,,,,,Not available (Messaging conversations started),,,,2023-06-30T23:30:30-0300,actions:onsite_conversion.messaging_conversation_started_7d,Not available
23854399179010689,Público amplo - Quarta,23854398236240689,ACTIVE,CAMPAIGN_PAUSED,inactive,"[""campaign_off""]",CONVERSATIONS,Highest volume,"R$0,00 BRL","R$160,00 BRL",2023-05-30T23:17:07-0300,2023-05-30T23:17:07-0300,2023-06-10T20:29:09-0300,1d_view_7d_click,"R$0,00 BRL",0,0,0,,0,,,,,,,,Not available (Messaging conversations started),,,,2023-06-30T23:30:30-0300,actions:onsite_conversion.messaging_conversation_started_7d,Not available
23854398236230689,Público amplo - Terça,23854398236240689,PAUSED,PAUSED,off,"[""off""]",CONVERSATIONS,Highest volume,"R$0,00 BRL","R$162,00 BRL",2023-05-30T22:29:55-0300,2023-05-30T22:29:55-0300,2023-06-10T20:25:17-0300,1d_view_7d_click,"R$0,00 BRL",0,0,0,,0,,,,,,,,Not available (Messaging conversations started),,,,2023-06-30T23:30:30-0300,actions:onsite_conversion.messaging_conversation_started_7d,Not available
23854059784390689,Remarketing 365 Dias Instagram/Facebook,23854059784400689,ACTIVE,CAMPAIGN_PAUSED,inactive,"[""campaign_off""]",CONVERSATIONS,Highest volume,"R$0,00 BRL","R$140,00 BRL",2023-05-17T23:02:45-0300,2023-05-17T23:02:45-0300,2023-05-17T23:02:45-0300,1d_view_7d_click,"R$0,00 BRL",0,0,0,,0,,,,,,,,Not available (Messaging conversations started),,,,2023-05-29T00:00:04-0300,actions:onsite_conversion.messaging_conversation_started_7d,Not available
23854057246380689,Público amplo,23854057246350689,ACTIVE,CAMPAIGN_PAUSED,inactive,"[""campaign_off""]",CONVERSATIONS,Highest volume,"R$0,00 BRL","R$350,00 BRL",2023-05-17T20:49:58-0300,2023-05-17T20:49:58-0300,2023-05-20T18:28:57-0300,1d_view_7d_click,"R$0,00 BRL",0,0,0,,0,,,,,,,,Not available (Messaging conversations started),,,,2023-05-29T00:00:04-0300,actions:onsite_conversion.messaging_conversation_started_7d,Not available
23853594221560689,Novo conjunto de anúncios de Tráfego,23853594221480689,ACTIVE,CAMPAIGN_PAUSED,inactive,"[""campaign_off""]",LINK_CLICKS,,,,2023-04-18T21:28:50-0300,2023-04-18T21:20:37-0300,2023-04-20T18:13:47-0300,1d_view_7d_click,"R$0,00 BRL",0,0,0,,0,,,,,,,,Not available (Link clicks),,,,2023-04-30T01:00:55-0300,actions:link_click,Not available
23853547091330689,Novo conjunto de anúncios de Tráfego,23853547091260689,ACTIVE,CAMPAIGN_PAUSED,inactive,"[""campaign_off""]",LINK_CLICKS,,,,2023-04-14T14:55:31-0300,2023-04-14T14:55:31-0300,2023-04-14T14:55:31-0300,1d_view_7d_click,"R$0,00 BRL",0,0,0,,0,,,,,,,,Not available (Link clicks),,,,2023-04-21T00:30:08-0300,actions:link_click,Not available
23853315703960689,DLL/Ge Burger Conver Conjunto de anúncios,23853315703970689,ACTIVE,CAMPAIGN_PAUSED,inactive,"[""campaign_off""]",OFFSITE_CONVERSIONS,Highest volume,"R$0,00 BRL","R$100,00 BRL",2023-03-28T20:47:59-0300,2023-03-28T20:40:01-0300,2023-03-29T14:06:10-0300,1d_view_7d_click,"R$0,00 BRL",0,0,0,,0,,,,,,,,Not available (Website purchases),,,,2023-03-31T20:30:19-0300,actions:offsite_conversion.fb_pixel_purchase,Not available
23853311967730689,Novo conjunto de anúncios de Reconhecimento,23853311967470689,ACTIVE,CAMPAIGN_PAUSED,inactive,"[""campaign_off""]",REACH,,,,2023-03-28T14:36:42-0300,2023-03-28T14:36:42-0300,2023-03-28T14:36:42-0300,1d_view_7d_click,"R$0,00 BRL",0,0,0,,0,,,,,,,,Not available (Reach),,,,2023-04-06T00:30:38-0300,reach,Not available
23853152883890689,Novo conjunto de anúncios de Tráfego,23853152883790689,ACTIVE,CAMPAIGN_PAUSED,inactive,"[""campaign_off""]",LANDING_PAGE_VIEWS,,,,2023-03-14T15:19:57-0300,2023-03-14T15:19:57-0300,2023-03-17T13:25:37-0300,1d_view_7d_click,"R$0,00 BRL",0,0,0,,0,,,,,,,,Not available (Landing page views),,,,2023-03-21T00:30:22-0300,actions:omni_landing_page_view,Not available
23853015680680689,Novo conjunto de anúncios de Tráfego,23853015680440689,ACTIVE,CAMPAIGN_PAUSED,inactive,"[""campaign_off""]",LANDING_PAGE_VIEWS,,,,2023-03-01T19:34:40-0300,2023-03-01T19:28:26-0300,2023-03-14T14:27:26-0300,1d_view_7d_click,"R$0,00 BRL",0,0,0,,0,,,,,,,,Not available (Landing page views),,,,2023-03-08T00:30:16-0300,actions:omni_landing_page_view,Not available
23852793408680689,Novo conjunto de anúncios de Tráfego - Promoção da Semana,23852793408530689,ACTIVE,CAMPAIGN_PAUSED,inactive,"[""campaign_off""]",CONVERSATIONS,,,,2023-02-08T13:44:09-0300,2023-02-08T13:44:09-0300,2023-02-23T16:54:19-0300,1d_view_7d_click,"R$0,00 BRL",0,0,0,,0,,,,,,,,Not available (Messaging conversations started),,,,2023-02-28T00:00:00-0300,actions:onsite_conversion.messaging_conversation_started_7d,Not available
23852769969040689,Novo conjunto de anúncios de Tráfego - Terça,23852769968870689,ACTIVE,CAMPAIGN_PAUSED,inactive,"[""campaign_off""]",CONVERSATIONS,,,,2023-02-06T13:49:44-0300,2023-02-06T13:49:44-0300,2023-02-23T16:54:19-0300,1d_view_7d_click,"R$0,00 BRL",0,0,0,,0,,,,,,,,Not available (Messaging conversations started),,,,2023-02-28T00:00:00-0300,actions:onsite_conversion.messaging_conversation_started_7d,Not available
23852741269400689,Novo conjunto de anúncios de Tráfego - Sexta,23852741269360689,ACTIVE,CAMPAIGN_PAUSED,inactive,"[""campaign_off""]",CONVERSATIONS,,,,2023-02-03T14:25:34-0300,2023-02-03T14:25:34-0300,2023-02-23T16:54:18-0300,1d_view_7d_click,"R$0,00 BRL",0,0,0,,0,,,,,,,,Not available (Messaging conversations started),,,,2023-02-28T00:00:00-0300,actions:onsite_conversion.messaging_conversation_started_7d,Not available
23852729545610689,Novo conjunto de anúncios de Tráfego - Quinta,23852729545480689,ACTIVE,CAMPAIGN_PAUSED,inactive,"[""campaign_off""]",CONVERSATIONS,,,,2023-02-02T13:25:44-0300,2023-02-02T13:25:44-0300,2023-02-23T16:54:18-0300,1d_view_7d_click,"R$0,00 BRL",0,0,0,,0,,,,,,,,Not available (Messaging conversations started),,,,2023-02-28T00:00:00-0300,actions:onsite_conversion.messaging_conversation_started_7d,Not available
23852722050290689,Novo conjunto de anúncios de Tráfego - Quarta,23852722050190689,ACTIVE,CAMPAIGN_PAUSED,inactive,"[""campaign_off""]",CONVERSATIONS,,,,2023-02-01T18:52:44-0300,2023-02-01T18:52:43-0300,2023-02-23T16:54:17-0300,1d_view_7d_click,"R$0,00 BRL",0,0,0,,0,,,,,,,,Not available (Messaging conversations started),,,,2023-02-28T00:00:00-0300,actions:onsite_conversion.messaging_conversation_started_7d,Not available
