date_start,date_stop,hourly_stats_aggregated_by_advertiser_time_zone,amount_spent,impressions,cpm,clicks,ctr,website_ctr,actions:link_click,landing_page_view,actions:omni_purchase,omni_purchase_values,purchase_roas,id,name
2025-08-01,2025-08-31,00:00:00 - 00:59:59,"R$55,44 BRL",15024,"R$3,69 BRL",94,"0,63%",0.366081,55,16,2,"R$129,90 BRL",2.343074,708536560751820,Gê Burger -> Digital Livre
2025-08-01,2025-08-31,01:00:00 - 01:59:59,"R$39,48 BRL",12943,"R$3,05 BRL",74,"0,57%",0.332226,43,6,,,,708536560751820,Gê Burger -> Digital Livre
2025-08-01,2025-08-31,02:00:00 - 02:59:59,"R$24,42 BRL",7066,"R$3,46 BRL",35,"0,50%",0.169827,12,,,,,708536560751820,Gê Burger -> Digital Livre
2025-08-01,2025-08-31,03:00:00 - 03:59:59,"R$19,59 BRL",5196,"R$3,77 BRL",19,"0,37%",0.115473,6,1,,,,708536560751820,Gê Burger -> Digital Livre
2025-08-01,2025-08-31,04:00:00 - 04:59:59,"R$15,26 BRL",4645,"R$3,29 BRL",23,"0,50%",0.236814,11,2,,,,708536560751820,Gê Burger -> Digital Livre
2025-08-01,2025-08-31,05:00:00 - 05:59:59,"R$13,98 BRL",4904,"R$2,85 BRL",21,"0,43%",0.183524,9,2,,,,708536560751820,Gê Burger -> Digital Livre
2025-08-01,2025-08-31,06:00:00 - 06:59:59,"R$18,36 BRL",7188,"R$2,55 BRL",26,"0,36%",0.180857,13,2,,,,708536560751820,Gê Burger -> Digital Livre
2025-08-01,2025-08-31,07:00:00 - 07:59:59,"R$28,74 BRL",10711,"R$2,68 BRL",33,"0,31%",0.149379,16,1,,,,708536560751820,Gê Burger -> Digital Livre
2025-08-01,2025-08-31,08:00:00 - 08:59:59,"R$36,17 BRL",13474,"R$2,68 BRL",40,"0,30%",0.155856,21,6,,,,708536560751820,Gê Burger -> Digital Livre
2025-08-01,2025-08-31,09:00:00 - 09:59:59,"R$38,34 BRL",14141,"R$2,71 BRL",50,"0,35%",0.198006,28,7,,,,708536560751820,Gê Burger -> Digital Livre
2025-08-01,2025-08-31,10:00:00 - 10:59:59,"R$39,92 BRL",14613,"R$2,73 BRL",39,"0,27%",0.109492,16,2,,,,708536560751820,Gê Burger -> Digital Livre
2025-08-01,2025-08-31,11:00:00 - 11:59:59,"R$43,47 BRL",16291,"R$2,67 BRL",54,"0,33%",0.184151,30,5,,,,708536560751820,Gê Burger -> Digital Livre
2025-08-01,2025-08-31,12:00:00 - 12:59:59,"R$45,13 BRL",16995,"R$2,66 BRL",76,"0,45%",0.229479,39,5,,,,708536560751820,Gê Burger -> Digital Livre
2025-08-01,2025-08-31,13:00:00 - 13:59:59,"R$53,10 BRL",19923,"R$2,67 BRL",92,"0,46%",0.286101,57,6,,,,708536560751820,Gê Burger -> Digital Livre
2025-08-01,2025-08-31,14:00:00 - 14:59:59,"R$50,38 BRL",18491,"R$2,72 BRL",73,"0,39%",0.183873,34,2,,,,708536560751820,Gê Burger -> Digital Livre
2025-08-01,2025-08-31,15:00:00 - 15:59:59,"R$58,93 BRL",18937,"R$3,11 BRL",74,"0,39%",0.258753,49,5,,,,708536560751820,Gê Burger -> Digital Livre
2025-08-01,2025-08-31,16:00:00 - 16:59:59,"R$57,23 BRL",19330,"R$2,96 BRL",93,"0,48%",0.253492,49,4,,,,708536560751820,Gê Burger -> Digital Livre
2025-08-01,2025-08-31,17:00:00 - 17:59:59,"R$61,92 BRL",21054,"R$2,94 BRL",80,"0,38%",0.208986,44,7,,,,708536560751820,Gê Burger -> Digital Livre
2025-08-01,2025-08-31,18:00:00 - 18:59:59,"R$439,19 BRL",72081,"R$6,09 BRL",756,"1,05%",0.460593,332,130,4,"R$239,01 BRL",0.544206,708536560751820,Gê Burger -> Digital Livre
2025-08-01,2025-08-31,19:00:00 - 19:59:59,"R$636,91 BRL",103668,"R$6,14 BRL",1040,"1,00%",0.447583,464,241,15,"R$1.229,70 BRL",1.930728,708536560751820,Gê Burger -> Digital Livre
2025-08-01,2025-08-31,20:00:00 - 20:59:59,"R$592,06 BRL",96994,"R$6,10 BRL",944,"0,97%",0.431985,419,231,27,"R$2.219,50 BRL",3.748775,708536560751820,Gê Burger -> Digital Livre
2025-08-01,2025-08-31,21:00:00 - 21:59:59,"R$503,50 BRL",84446,"R$5,96 BRL",748,"0,89%",0.434597,367,166,25,"R$1.879,00 BRL",3.731877,708536560751820,Gê Burger -> Digital Livre
2025-08-01,2025-08-31,22:00:00 - 22:59:59,"R$424,27 BRL",74586,"R$5,69 BRL",585,"0,78%",0.392835,293,139,12,"R$719,40 BRL",1.695618,708536560751820,Gê Burger -> Digital Livre
2025-08-01,2025-08-31,23:00:00 - 23:59:59,"R$350,19 BRL",52801,"R$6,63 BRL",551,"1,04%",0.477264,252,139,7,"R$427,70 BRL",1.221337,708536560751820,Gê Burger -> Digital Livre
2025-09-01,2025-09-30,00:00:00 - 00:59:59,"R$45,32 BRL",11777,"R$3,85 BRL",59,"0,50%",0.288698,34,10,,,,708536560751820,Gê Burger -> Digital Livre
2025-09-01,2025-09-30,01:00:00 - 01:59:59,"R$35,90 BRL",11081,"R$3,24 BRL",60,"0,54%",0.225611,25,4,,,,708536560751820,Gê Burger -> Digital Livre
2025-09-01,2025-09-30,02:00:00 - 02:59:59,"R$23,90 BRL",5957,"R$4,01 BRL",19,"0,32%",0.134296,8,,,,,708536560751820,Gê Burger -> Digital Livre
2025-09-01,2025-09-30,03:00:00 - 03:59:59,"R$17,23 BRL",4193,"R$4,11 BRL",20,"0,48%",0.190794,8,1,,,,708536560751820,Gê Burger -> Digital Livre
2025-09-01,2025-09-30,04:00:00 - 04:59:59,"R$13,28 BRL",3623,"R$3,67 BRL",20,"0,55%",0.276014,10,4,,,,708536560751820,Gê Burger -> Digital Livre
2025-09-01,2025-09-30,05:00:00 - 05:59:59,"R$14,14 BRL",4520,"R$3,13 BRL",21,"0,46%",0.243363,11,,,,,708536560751820,Gê Burger -> Digital Livre
2025-09-01,2025-09-30,06:00:00 - 06:59:59,"R$18,36 BRL",6821,"R$2,69 BRL",19,"0,28%",0.146606,10,2,,,,708536560751820,Gê Burger -> Digital Livre
2025-09-01,2025-09-30,07:00:00 - 07:59:59,"R$29,38 BRL",10955,"R$2,68 BRL",33,"0,30%",0.091283,10,2,,,,708536560751820,Gê Burger -> Digital Livre
2025-09-01,2025-09-30,08:00:00 - 08:59:59,"R$36,33 BRL",13447,"R$2,70 BRL",48,"0,36%",0.171042,23,7,,,,708536560751820,Gê Burger -> Digital Livre
2025-09-01,2025-09-30,09:00:00 - 09:59:59,"R$38,36 BRL",13874,"R$2,76 BRL",38,"0,27%",0.115324,16,1,,,,708536560751820,Gê Burger -> Digital Livre
2025-09-01,2025-09-30,10:00:00 - 10:59:59,"R$39,43 BRL",14441,"R$2,73 BRL",60,"0,42%",0.13157,19,3,,,,708536560751820,Gê Burger -> Digital Livre
2025-09-01,2025-09-30,11:00:00 - 11:59:59,"R$43,21 BRL",15076,"R$2,87 BRL",61,"0,40%",0.145927,22,1,,,,708536560751820,Gê Burger -> Digital Livre
2025-09-01,2025-09-30,12:00:00 - 12:59:59,"R$46,86 BRL",17772,"R$2,64 BRL",80,"0,45%",0.236327,42,7,,,,708536560751820,Gê Burger -> Digital Livre
2025-09-01,2025-09-30,13:00:00 - 13:59:59,"R$54,59 BRL",20601,"R$2,65 BRL",74,"0,36%",0.179603,37,5,,,,708536560751820,Gê Burger -> Digital Livre
2025-09-01,2025-09-30,14:00:00 - 14:59:59,"R$56,12 BRL",20056,"R$2,80 BRL",80,"0,40%",0.209414,42,7,,,,708536560751820,Gê Burger -> Digital Livre
2025-09-01,2025-09-30,15:00:00 - 15:59:59,"R$54,61 BRL",18864,"R$2,89 BRL",68,"0,36%",0.14313,27,5,,,,708536560751820,Gê Burger -> Digital Livre
2025-09-01,2025-09-30,16:00:00 - 16:59:59,"R$50,21 BRL",18576,"R$2,70 BRL",78,"0,42%",0.193798,36,6,,,,708536560751820,Gê Burger -> Digital Livre
2025-09-01,2025-09-30,17:00:00 - 17:59:59,"R$58,10 BRL",20885,"R$2,78 BRL",76,"0,36%",0.177161,37,7,,,,708536560751820,Gê Burger -> Digital Livre
2025-09-01,2025-09-30,18:00:00 - 18:59:59,"R$548,47 BRL",78713,"R$6,97 BRL",856,"1,09%",0.477685,376,115,1,"R$79,90 BRL",0.145678,708536560751820,Gê Burger -> Digital Livre
2025-09-01,2025-09-30,19:00:00 - 19:59:59,"R$741,51 BRL",98572,"R$7,52 BRL",971,"0,99%",0.439273,433,144,12,"R$1.059,30 BRL",1.428571,708536560751820,Gê Burger -> Digital Livre
2025-09-01,2025-09-30,20:00:00 - 20:59:59,"R$659,65 BRL",90173,"R$7,32 BRL",928,"1,03%",0.490169,442,161,7,"R$566,50 BRL",0.858789,708536560751820,Gê Burger -> Digital Livre
2025-09-01,2025-09-30,21:00:00 - 21:59:59,"R$566,28 BRL",80952,"R$7,00 BRL",814,"1,01%",0.45212,366,121,14,"R$1.183,70 BRL",2.090309,708536560751820,Gê Burger -> Digital Livre
2025-09-01,2025-09-30,22:00:00 - 22:59:59,"R$485,61 BRL",71836,"R$6,76 BRL",646,"0,90%",0.407873,293,75,14,"R$1.367,30 BRL",2.815634,708536560751820,Gê Burger -> Digital Livre
2025-09-01,2025-09-30,23:00:00 - 23:59:59,"R$443,91 BRL",59609,"R$7,45 BRL",568,"0,95%",0.405979,242,88,7,"R$517,60 BRL",1.166002,708536560751820,Gê Burger -> Digital Livre
2025-10-01,2025-10-31,00:00:00 - 00:59:59,"R$43,58 BRL",12591,"R$3,46 BRL",55,"0,44%",0.246208,31,9,2,"R$67,00 BRL",1.537402,708536560751820,Gê Burger -> Digital Livre
2025-10-01,2025-10-31,01:00:00 - 01:59:59,"R$37,37 BRL",7018,"R$5,32 BRL",28,"0,40%",0.256483,18,2,,,,708536560751820,Gê Burger -> Digital Livre
2025-10-01,2025-10-31,02:00:00 - 02:59:59,"R$26,05 BRL",3242,"R$8,04 BRL",18,"0,56%",0.277606,9,1,,,,708536560751820,Gê Burger -> Digital Livre
2025-10-01,2025-10-31,03:00:00 - 03:59:59,"R$18,72 BRL",2330,"R$8,03 BRL",16,"0,69%",0.257511,6,,,,,708536560751820,Gê Burger -> Digital Livre
2025-10-01,2025-10-31,04:00:00 - 04:59:59,"R$14,61 BRL",2680,"R$5,45 BRL",8,"0,30%",0.11194,3,,,,,708536560751820,Gê Burger -> Digital Livre
2025-10-01,2025-10-31,05:00:00 - 05:59:59,"R$14,28 BRL",4091,"R$3,49 BRL",8,"0,20%",0.146663,6,,,,,708536560751820,Gê Burger -> Digital Livre
2025-10-01,2025-10-31,06:00:00 - 06:59:59,"R$17,32 BRL",6568,"R$2,64 BRL",10,"0,15%",0.045676,3,,,,,708536560751820,Gê Burger -> Digital Livre
2025-10-01,2025-10-31,07:00:00 - 07:59:59,"R$23,11 BRL",9384,"R$2,46 BRL",19,"0,20%",0.095908,9,,,,,708536560751820,Gê Burger -> Digital Livre
2025-10-01,2025-10-31,08:00:00 - 08:59:59,"R$28,01 BRL",11126,"R$2,52 BRL",26,"0,23%",0.170771,19,3,,,,708536560751820,Gê Burger -> Digital Livre
2025-10-01,2025-10-31,09:00:00 - 09:59:59,"R$29,37 BRL",10731,"R$2,74 BRL",36,"0,34%",0.121144,13,1,,,,708536560751820,Gê Burger -> Digital Livre
2025-10-01,2025-10-31,10:00:00 - 10:59:59,"R$29,40 BRL",10733,"R$2,74 BRL",21,"0,20%",0.102488,11,1,,,,708536560751820,Gê Burger -> Digital Livre
2025-10-01,2025-10-31,11:00:00 - 11:59:59,"R$32,58 BRL",11228,"R$2,90 BRL",36,"0,32%",0.142501,16,2,,,,708536560751820,Gê Burger -> Digital Livre
2025-10-01,2025-10-31,12:00:00 - 12:59:59,"R$39,39 BRL",15292,"R$2,58 BRL",63,"0,41%",0.20272,31,2,,,,708536560751820,Gê Burger -> Digital Livre
2025-10-01,2025-10-31,13:00:00 - 13:59:59,"R$47,83 BRL",19243,"R$2,49 BRL",70,"0,36%",0.187081,36,6,,,,708536560751820,Gê Burger -> Digital Livre
2025-10-01,2025-10-31,14:00:00 - 14:59:59,"R$47,38 BRL",18023,"R$2,63 BRL",61,"0,34%",0.149809,27,3,,,,708536560751820,Gê Burger -> Digital Livre
2025-10-01,2025-10-31,15:00:00 - 15:59:59,"R$44,50 BRL",16475,"R$2,70 BRL",51,"0,31%",0.194234,32,6,,,,708536560751820,Gê Burger -> Digital Livre
2025-10-01,2025-10-31,16:00:00 - 16:59:59,"R$47,92 BRL",17330,"R$2,77 BRL",55,"0,32%",0.225043,39,3,,,,708536560751820,Gê Burger -> Digital Livre
2025-10-01,2025-10-31,17:00:00 - 17:59:59,"R$58,07 BRL",19730,"R$2,94 BRL",73,"0,37%",0.217942,43,7,,,,708536560751820,Gê Burger -> Digital Livre
2025-10-01,2025-10-31,18:00:00 - 18:59:59,"R$697,53 BRL",81512,"R$8,56 BRL",969,"1,19%",0.506674,413,57,7,"R$354,35 BRL",0.508007,708536560751820,Gê Burger -> Digital Livre
2025-10-01,2025-10-31,19:00:00 - 19:59:59,"R$983,98 BRL",111091,"R$8,86 BRL",1279,"1,15%",0.49959,555,116,14,"R$663,20 BRL",0.673997,708536560751820,Gê Burger -> Digital Livre
2025-10-01,2025-10-31,20:00:00 - 20:59:59,"R$880,82 BRL",101013,"R$8,72 BRL",1164,"1,15%",0.521715,527,102,19,"R$801,20 BRL",0.909607,708536560751820,Gê Burger -> Digital Livre
2025-10-01,2025-10-31,21:00:00 - 21:59:59,"R$748,87 BRL",90854,"R$8,24 BRL",974,"1,07%",0.477689,434,80,30,"R$1.252,85 BRL",1.672987,708536560751820,Gê Burger -> Digital Livre
2025-10-01,2025-10-31,22:00:00 - 22:59:59,"R$702,27 BRL",87262,"R$8,05 BRL",869,"1,00%",0.427448,373,92,14,"R$502,70 BRL",0.715822,708536560751820,Gê Burger -> Digital Livre
2025-10-01,2025-10-31,23:00:00 - 23:59:59,"R$486,26 BRL",52920,"R$9,19 BRL",612,"1,16%",0.517763,274,61,14,"R$441,10 BRL",0.907128,708536560751820,Gê Burger -> Digital Livre
2025-11-01,2025-11-30,00:00:00 - 00:59:59,"R$39,22 BRL",8886,"R$4,41 BRL",38,"0,43%",0.405132,36,14,,,,708536560751820,Gê Burger -> Digital Livre
2025-11-01,2025-11-30,01:00:00 - 01:59:59,"R$31,36 BRL",3661,"R$8,57 BRL",14,"0,38%",0.21852,8,2,,,,708536560751820,Gê Burger -> Digital Livre
2025-11-01,2025-11-30,02:00:00 - 02:59:59,"R$26,09 BRL",5117,"R$5,10 BRL",10,"0,20%",0.156342,8,2,,,,708536560751820,Gê Burger -> Digital Livre
2025-11-01,2025-11-30,03:00:00 - 03:59:59,"R$20,91 BRL",4215,"R$4,96 BRL",12,"0,28%",0.237248,10,4,,,,708536560751820,Gê Burger -> Digital Livre
2025-11-01,2025-11-30,04:00:00 - 04:59:59,"R$16,50 BRL",5298,"R$3,11 BRL",14,"0,26%",0.18875,10,2,,,,708536560751820,Gê Burger -> Digital Livre
2025-11-01,2025-11-30,05:00:00 - 05:59:59,"R$13,31 BRL",4863,"R$2,74 BRL",22,"0,45%",0.370142,18,5,,,,708536560751820,Gê Burger -> Digital Livre
2025-11-01,2025-11-30,06:00:00 - 06:59:59,"R$16,04 BRL",6404,"R$2,50 BRL",16,"0,25%",0.187383,12,,,,,708536560751820,Gê Burger -> Digital Livre
2025-11-01,2025-11-30,07:00:00 - 07:59:59,"R$21,20 BRL",7523,"R$2,82 BRL",23,"0,31%",0.199389,15,1,,,,708536560751820,Gê Burger -> Digital Livre
2025-11-01,2025-11-30,08:00:00 - 08:59:59,"R$23,89 BRL",9142,"R$2,61 BRL",21,"0,23%",0.175016,16,2,,,,708536560751820,Gê Burger -> Digital Livre
2025-11-01,2025-11-30,09:00:00 - 09:59:59,"R$22,91 BRL",7658,"R$2,99 BRL",23,"0,30%",0.182815,14,1,,,,708536560751820,Gê Burger -> Digital Livre
2025-11-01,2025-11-30,10:00:00 - 10:59:59,"R$25,35 BRL",8288,"R$3,06 BRL",26,"0,31%",0.168919,14,3,,,,708536560751820,Gê Burger -> Digital Livre
2025-11-01,2025-11-30,11:00:00 - 11:59:59,"R$27,86 BRL",9245,"R$3,01 BRL",26,"0,28%",0.1947,18,4,,,,708536560751820,Gê Burger -> Digital Livre
2025-11-01,2025-11-30,12:00:00 - 12:59:59,"R$30,48 BRL",10187,"R$2,99 BRL",27,"0,27%",0.215962,22,3,,,,708536560751820,Gê Burger -> Digital Livre
2025-11-01,2025-11-30,13:00:00 - 13:59:59,"R$37,48 BRL",12749,"R$2,94 BRL",40,"0,31%",0.196094,25,2,,,,708536560751820,Gê Burger -> Digital Livre
2025-11-01,2025-11-30,14:00:00 - 14:59:59,"R$38,98 BRL",12547,"R$3,11 BRL",41,"0,33%",0.255041,32,6,,,,708536560751820,Gê Burger -> Digital Livre
2025-11-01,2025-11-30,15:00:00 - 15:59:59,"R$39,58 BRL",13644,"R$2,90 BRL",44,"0,32%",0.175902,24,4,,,,708536560751820,Gê Burger -> Digital Livre
2025-11-01,2025-11-30,16:00:00 - 16:59:59,"R$40,96 BRL",13584,"R$3,02 BRL",44,"0,32%",0.206125,28,4,,,,708536560751820,Gê Burger -> Digital Livre
2025-11-01,2025-11-30,17:00:00 - 17:59:59,"R$43,23 BRL",15179,"R$2,85 BRL",58,"0,38%",0.223994,34,5,,,,708536560751820,Gê Burger -> Digital Livre
2025-11-01,2025-11-30,18:00:00 - 18:59:59,"R$515,89 BRL",70601,"R$7,31 BRL",714,"1,01%",0.440504,311,115,8,"R$394,30 BRL",0.76431,708536560751820,Gê Burger -> Digital Livre
2025-11-01,2025-11-30,19:00:00 - 19:59:59,"R$805,63 BRL",101426,"R$7,94 BRL",1040,"1,03%",0.472265,479,180,33,"R$1.728,98 BRL",2.146122,708536560751820,Gê Burger -> Digital Livre
2025-11-01,2025-11-30,20:00:00 - 20:59:59,"R$792,35 BRL",95489,"R$8,30 BRL",970,"1,02%",0.452408,432,174,39,"R$2.142,30 BRL",2.703729,708536560751820,Gê Burger -> Digital Livre
2025-11-01,2025-11-30,21:00:00 - 21:59:59,"R$715,67 BRL",87722,"R$8,16 BRL",882,"1,01%",0.498165,437,185,35,"R$1.469,10 BRL",2.052762,708536560751820,Gê Burger -> Digital Livre
2025-11-01,2025-11-30,22:00:00 - 22:59:59,"R$588,11 BRL",77154,"R$7,62 BRL",725,"0,94%",0.462711,357,138,24,"R$1.132,90 BRL",1.92634,708536560751820,Gê Burger -> Digital Livre
2025-11-01,2025-11-30,23:00:00 - 23:59:59,"R$422,75 BRL",47852,"R$8,83 BRL",526,"1,10%",0.555881,266,124,21,"R$744,54 BRL",1.761183,708536560751820,Gê Burger -> Digital Livre
2025-12-01,2025-12-31,00:00:00 - 00:59:59,"R$24,97 BRL",15045,"R$1,66 BRL",70,"0,47%",0.432037,65,24,5,"R$171,50 BRL",6.868242,708536560751820,Gê Burger -> Digital Livre
2025-12-01,2025-12-31,01:00:00 - 01:59:59,"R$16,21 BRL",7094,"R$2,29 BRL",33,"0,47%",0.366507,26,4,,,,708536560751820,Gê Burger -> Digital Livre
2025-12-01,2025-12-31,02:00:00 - 02:59:59,"R$8,12 BRL",2712,"R$2,99 BRL",14,"0,52%",0.479351,13,1,,,,708536560751820,Gê Burger -> Digital Livre
2025-12-01,2025-12-31,03:00:00 - 03:59:59,"R$7,21 BRL",3444,"R$2,09 BRL",16,"0,46%",0.406504,14,,,,,708536560751820,Gê Burger -> Digital Livre
2025-12-01,2025-12-31,04:00:00 - 04:59:59,"R$5,39 BRL",3284,"R$1,64 BRL",12,"0,37%",0.304507,10,1,,,,708536560751820,Gê Burger -> Digital Livre
2025-12-01,2025-12-31,05:00:00 - 05:59:59,"R$3,94 BRL",2325,"R$1,69 BRL",5,"0,22%",0.215054,5,2,,,,708536560751820,Gê Burger -> Digital Livre
2025-12-01,2025-12-31,06:00:00 - 06:59:59,"R$5,07 BRL",2774,"R$1,83 BRL",16,"0,58%",0.396539,11,,,,,708536560751820,Gê Burger -> Digital Livre
2025-12-01,2025-12-31,07:00:00 - 07:59:59,"R$8,72 BRL",5044,"R$1,73 BRL",16,"0,32%",0.277557,14,4,,,,708536560751820,Gê Burger -> Digital Livre
2025-12-01,2025-12-31,08:00:00 - 08:59:59,"R$17,28 BRL",11435,"R$1,51 BRL",34,"0,30%",0.253607,29,6,,,,708536560751820,Gê Burger -> Digital Livre
2025-12-01,2025-12-31,09:00:00 - 09:59:59,"R$18,12 BRL",10385,"R$1,74 BRL",26,"0,25%",0.231103,24,2,,,,708536560751820,Gê Burger -> Digital Livre
2025-12-01,2025-12-31,10:00:00 - 10:59:59,"R$21,13 BRL",11306,"R$1,87 BRL",42,"0,37%",0.32726,37,2,,,,708536560751820,Gê Burger -> Digital Livre
2025-12-01,2025-12-31,11:00:00 - 11:59:59,"R$23,99 BRL",12108,"R$1,98 BRL",37,"0,31%",0.256029,31,3,,,,708536560751820,Gê Burger -> Digital Livre
2025-12-01,2025-12-31,12:00:00 - 12:59:59,"R$29,56 BRL",13093,"R$2,26 BRL",50,"0,38%",0.305507,40,2,,,,708536560751820,Gê Burger -> Digital Livre
2025-12-01,2025-12-31,13:00:00 - 13:59:59,"R$34,39 BRL",17118,"R$2,01 BRL",68,"0,40%",0.35635,61,5,,,,708536560751820,Gê Burger -> Digital Livre
2025-12-01,2025-12-31,14:00:00 - 14:59:59,"R$34,36 BRL",17361,"R$1,98 BRL",51,"0,29%",0.247682,43,5,,,,708536560751820,Gê Burger -> Digital Livre
2025-12-01,2025-12-31,15:00:00 - 15:59:59,"R$38,07 BRL",16958,"R$2,24 BRL",68,"0,40%",0.342021,58,3,,,,708536560751820,Gê Burger -> Digital Livre
2025-12-01,2025-12-31,16:00:00 - 16:59:59,"R$35,18 BRL",16591,"R$2,12 BRL",84,"0,51%",0.415888,69,14,,,,708536560751820,Gê Burger -> Digital Livre
2025-12-01,2025-12-31,17:00:00 - 17:59:59,"R$37,02 BRL",17693,"R$2,09 BRL",92,"0,52%",0.4352,77,8,,,,708536560751820,Gê Burger -> Digital Livre
2025-12-01,2025-12-31,18:00:00 - 18:59:59,"R$342,14 BRL",64294,"R$5,32 BRL",581,"0,90%",0.503935,324,61,2,"R$75,40 BRL",0.220378,708536560751820,Gê Burger -> Digital Livre
2025-12-01,2025-12-31,19:00:00 - 19:59:59,"R$721,98 BRL",120309,"R$6,00 BRL",1230,"1,02%",0.499547,601,183,21,"R$722,70 BRL",1.000997,708536560751820,Gê Burger -> Digital Livre
2025-12-01,2025-12-31,20:00:00 - 20:59:59,"R$761,54 BRL",114562,"R$6,65 BRL",1214,"1,06%",0.535954,614,199,27,"R$1.083,60 BRL",1.422906,708536560751820,Gê Burger -> Digital Livre
2025-12-01,2025-12-31,21:00:00 - 21:59:59,"R$683,40 BRL",108465,"R$6,30 BRL",1117,"1,03%",0.486793,528,167,32,"R$1.267,20 BRL",1.854258,708536560751820,Gê Burger -> Digital Livre
2025-12-01,2025-12-31,22:00:00 - 22:59:59,"R$596,81 BRL",95214,"R$6,27 BRL",1004,"1,05%",0.532485,507,156,32,"R$1.375,30 BRL",2.304418,708536560751820,Gê Burger -> Digital Livre
2025-12-01,2025-12-31,23:00:00 - 23:59:59,"R$455,46 BRL",63797,"R$7,14 BRL",735,"1,15%",0.554885,354,144,18,"R$794,20 BRL",1.743732,708536560751820,Gê Burger -> Digital Livre
2026-01-01,2026-01-31,00:00:00 - 00:59:59,"R$11,13 BRL",13859,"R$0,80 BRL",27,"0,19%",0.137095,19,25,,,,708536560751820,Gê Burger -> Digital Livre
2026-01-01,2026-01-31,01:00:00 - 01:59:59,"R$10,94 BRL",10155,"R$1,08 BRL",23,"0,23%",0.216642,22,6,,,,708536560751820,Gê Burger -> Digital Livre
2026-01-01,2026-01-31,02:00:00 - 02:59:59,"R$4,18 BRL",4804,"R$0,87 BRL",10,"0,21%",0.187344,9,3,,,,708536560751820,Gê Burger -> Digital Livre
2026-01-01,2026-01-31,03:00:00 - 03:59:59,"R$5,29 BRL",5313,"R$1,00 BRL",10,"0,19%",0.150574,8,2,,,,708536560751820,Gê Burger -> Digital Livre
2026-01-01,2026-01-31,04:00:00 - 04:59:59,"R$5,15 BRL",5476,"R$0,94 BRL",20,"0,37%",0.292184,16,4,,,,708536560751820,Gê Burger -> Digital Livre
2026-01-01,2026-01-31,05:00:00 - 05:59:59,"R$3,92 BRL",4799,"R$0,82 BRL",12,"0,25%",0.208377,10,3,,,,708536560751820,Gê Burger -> Digital Livre
2026-01-01,2026-01-31,06:00:00 - 06:59:59,"R$4,79 BRL",6271,"R$0,76 BRL",13,"0,21%",0.159464,10,2,,,,708536560751820,Gê Burger -> Digital Livre
2026-01-01,2026-01-31,07:00:00 - 07:59:59,"R$8,83 BRL",10181,"R$0,87 BRL",19,"0,19%",0.166978,17,7,,,,708536560751820,Gê Burger -> Digital Livre
2026-01-01,2026-01-31,08:00:00 - 08:59:59,"R$7,51 BRL",8527,"R$0,88 BRL",15,"0,18%",0.117275,10,2,,,,708536560751820,Gê Burger -> Digital Livre
2026-01-01,2026-01-31,09:00:00 - 09:59:59,"R$8,76 BRL",9440,"R$0,93 BRL",11,"0,12%",0.105932,10,2,,,,708536560751820,Gê Burger -> Digital Livre
2026-01-01,2026-01-31,10:00:00 - 10:59:59,"R$9,49 BRL",10196,"R$0,93 BRL",15,"0,15%",0.098078,10,3,,,,708536560751820,Gê Burger -> Digital Livre
2026-01-01,2026-01-31,11:00:00 - 11:59:59,"R$10,29 BRL",10700,"R$0,96 BRL",14,"0,13%",0.093458,10,6,,,,708536560751820,Gê Burger -> Digital Livre
2026-01-01,2026-01-31,12:00:00 - 12:59:59,"R$12,80 BRL",12933,"R$0,99 BRL",19,"0,15%",0.100518,13,5,,,,708536560751820,Gê Burger -> Digital Livre
2026-01-01,2026-01-31,13:00:00 - 13:59:59,"R$16,07 BRL",16610,"R$0,97 BRL",31,"0,19%",0.120409,20,9,,,,708536560751820,Gê Burger -> Digital Livre
2026-01-01,2026-01-31,14:00:00 - 14:59:59,"R$13,76 BRL",14292,"R$0,96 BRL",20,"0,14%",0.104954,15,2,,,,708536560751820,Gê Burger -> Digital Livre
2026-01-01,2026-01-31,15:00:00 - 15:59:59,"R$14,41 BRL",14821,"R$0,97 BRL",18,"0,12%",0.067472,10,7,,,,708536560751820,Gê Burger -> Digital Livre
2026-01-01,2026-01-31,16:00:00 - 16:59:59,"R$16,88 BRL",17133,"R$0,99 BRL",27,"0,16%",0.110897,19,4,,,,708536560751820,Gê Burger -> Digital Livre
2026-01-01,2026-01-31,17:00:00 - 17:59:59,"R$19,51 BRL",18260,"R$1,07 BRL",41,"0,22%",0.158817,29,6,,,,708536560751820,Gê Burger -> Digital Livre
2026-01-01,2026-01-31,18:00:00 - 18:59:59,"R$196,12 BRL",50322,"R$3,90 BRL",441,"0,88%",0.441159,222,20,,,,708536560751820,Gê Burger -> Digital Livre
2026-01-01,2026-01-31,19:00:00 - 19:59:59,"R$563,80 BRL",127835,"R$4,41 BRL",1320,"1,03%",0.501428,641,226,16,"R$694,20 BRL",1.231288,708536560751820,Gê Burger -> Digital Livre
2026-01-01,2026-01-31,20:00:00 - 20:59:59,"R$615,49 BRL",125109,"R$4,92 BRL",1264,"1,01%",0.48118,602,246,25,"R$880,40 BRL",1.430405,708536560751820,Gê Burger -> Digital Livre
2026-01-01,2026-01-31,21:00:00 - 21:59:59,"R$555,82 BRL",116819,"R$4,76 BRL",1205,"1,03%",0.523887,612,306,38,"R$2.038,40 BRL",3.667374,708536560751820,Gê Burger -> Digital Livre
2026-01-01,2026-01-31,22:00:00 - 22:59:59,"R$496,17 BRL",105250,"R$4,71 BRL",984,"0,93%",0.460808,485,202,23,"R$1.077,20 BRL",2.17103,708536560751820,Gê Burger -> Digital Livre
2026-01-01,2026-01-31,23:00:00 - 23:59:59,"R$364,91 BRL",71328,"R$5,12 BRL",799,"1,12%",0.538358,384,158,18,"R$750,20 BRL",2.055849,708536560751820,Gê Burger -> Digital Livre
2026-02-01,2026-02-28,00:00:00 - 00:59:59,"R$12,74 BRL",15042,"R$0,85 BRL",51,"0,34%",0.219386,33,15,2,"R$129,00 BRL",10.125589,708536560751820,Gê Burger -> Digital Livre
2026-02-01,2026-02-28,01:00:00 - 01:59:59,"R$6,42 BRL",7764,"R$0,83 BRL",29,"0,37%",0.206079,16,5,,,,708536560751820,Gê Burger -> Digital Livre
2026-02-01,2026-02-28,02:00:00 - 02:59:59,"R$3,51 BRL",3738,"R$0,94 BRL",5,"0,13%",0.107009,4,,,,,708536560751820,Gê Burger -> Digital Livre
2026-02-01,2026-02-28,03:00:00 - 03:59:59,"R$2,60 BRL",2893,"R$0,90 BRL",8,"0,28%",0.138265,4,,,,,708536560751820,Gê Burger -> Digital Livre
2026-02-01,2026-02-28,04:00:00 - 04:59:59,"R$2,01 BRL",2077,"R$0,97 BRL",6,"0,29%",0.192585,4,2,,,,708536560751820,Gê Burger -> Digital Livre
2026-02-01,2026-02-28,05:00:00 - 05:59:59,"R$1,27 BRL",1351,"R$0,94 BRL",3,"0,22%",0.074019,1,1,,,,708536560751820,Gê Burger -> Digital Livre
2026-02-01,2026-02-28,06:00:00 - 06:59:59,"R$1,88 BRL",2048,"R$0,92 BRL",3,"0,15%",0.097656,2,,,,,708536560751820,Gê Burger -> Digital Livre
2026-02-01,2026-02-28,07:00:00 - 07:59:59,"R$5,52 BRL",5824,"R$0,95 BRL",19,"0,33%",0.223214,13,5,,,,708536560751820,Gê Burger -> Digital Livre
2026-02-01,2026-02-28,08:00:00 - 08:59:59,"R$11,42 BRL",11736,"R$0,97 BRL",27,"0,23%",0.170416,20,5,,,,708536560751820,Gê Burger -> Digital Livre
2026-02-01,2026-02-28,09:00:00 - 09:59:59,"R$12,66 BRL",12054,"R$1,05 BRL",27,"0,22%",0.107848,13,3,,,,708536560751820,Gê Burger -> Digital Livre
2026-02-01,2026-02-28,10:00:00 - 10:59:59,"R$10,40 BRL",10402,"R$1,00 BRL",25,"0,24%",0.086522,9,1,,,,708536560751820,Gê Burger -> Digital Livre
2026-02-01,2026-02-28,11:00:00 - 11:59:59,"R$9,83 BRL",9888,"R$0,99 BRL",14,"0,14%",0.091019,9,3,,,,708536560751820,Gê Burger -> Digital Livre
2026-02-01,2026-02-28,12:00:00 - 12:59:59,"R$10,49 BRL",10560,"R$0,99 BRL",23,"0,22%",0.123106,13,5,,,,708536560751820,Gê Burger -> Digital Livre
2026-02-01,2026-02-28,13:00:00 - 13:59:59,"R$18,00 BRL",17104,"R$1,05 BRL",36,"0,21%",0.116932,20,3,,,,708536560751820,Gê Burger -> Digital Livre
2026-02-01,2026-02-28,14:00:00 - 14:59:59,"R$17,90 BRL",17378,"R$1,03 BRL",40,"0,23%",0.14386,25,3,,,,708536560751820,Gê Burger -> Digital Livre
2026-02-01,2026-02-28,15:00:00 - 15:59:59,"R$14,98 BRL",14906,"R$1,00 BRL",36,"0,24%",0.161009,24,5,,,,708536560751820,Gê Burger -> Digital Livre
2026-02-01,2026-02-28,16:00:00 - 16:59:59,"R$17,40 BRL",16961,"R$1,03 BRL",42,"0,25%",0.147397,25,3,,,,708536560751820,Gê Burger -> Digital Livre
2026-02-01,2026-02-28,17:00:00 - 17:59:59,"R$20,02 BRL",18238,"R$1,10 BRL",57,"0,31%",0.169975,31,6,,,,708536560751820,Gê Burger -> Digital Livre
2026-02-01,2026-02-28,18:00:00 - 18:59:59,"R$237,23 BRL",51833,"R$4,58 BRL",477,"0,92%",0.486177,252,13,6,"R$226,50 BRL",0.95477,708536560751820,Gê Burger -> Digital Livre
2026-02-01,2026-02-28,19:00:00 - 19:59:59,"R$645,61 BRL",122095,"R$5,29 BRL",1173,"0,96%",0.474221,579,160,12,"R$355,50 BRL",0.550642,708536560751820,Gê Burger -> Digital Livre
2026-02-01,2026-02-28,20:00:00 - 20:59:59,"R$801,74 BRL",139998,"R$5,73 BRL",1426,"1,02%",0.489293,685,227,46,"R$2.520,50 BRL",3.143787,708536560751820,Gê Burger -> Digital Livre
2026-02-01,2026-02-28,21:00:00 - 21:59:59,"R$684,63 BRL",119283,"R$5,74 BRL",1294,"1,08%",0.514742,614,189,36,"R$1.667,81 BRL",2.436075,708536560751820,Gê Burger -> Digital Livre
2026-02-01,2026-02-28,22:00:00 - 22:59:59,"R$550,56 BRL",110972,"R$4,96 BRL",1028,"0,93%",0.441553,490,157,30,"R$1.412,60 BRL",2.565751,708536560751820,Gê Burger -> Digital Livre
2026-02-01,2026-02-28,23:00:00 - 23:59:59,"R$426,59 BRL",79313,"R$5,38 BRL",806,"1,02%",0.574937,456,125,31,"R$1.253,90 BRL",2.939356,708536560751820,Gê Burger -> Digital Livre
2026-03-01,2026-03-31,00:00:00 - 00:59:59,"R$79,45 BRL",61574,"R$1,29 BRL",177,"0,29%",0.123429,76,25,6,"R$289,50 BRL",3.643801,708536560751820,Gê Burger -> Digital Livre
2026-03-01,2026-03-31,01:00:00 - 01:59:59,"R$29,40 BRL",22374,"R$1,31 BRL",64,"0,29%",0.102798,23,1,,,,708536560751820,Gê Burger -> Digital Livre
2026-03-01,2026-03-31,02:00:00 - 02:59:59,"R$19,27 BRL",13564,"R$1,42 BRL",26,"0,19%",0.095842,13,4,,,,708536560751820,Gê Burger -> Digital Livre
2026-03-01,2026-03-31,03:00:00 - 03:59:59,"R$15,70 BRL",12260,"R$1,28 BRL",25,"0,20%",0.106036,13,6,,,,708536560751820,Gê Burger -> Digital Livre
2026-03-01,2026-03-31,04:00:00 - 04:59:59,"R$11,11 BRL",8689,"R$1,28 BRL",24,"0,28%",0.138106,12,1,,,,708536560751820,Gê Burger -> Digital Livre
2026-03-01,2026-03-31,05:00:00 - 05:59:59,"R$8,07 BRL",6357,"R$1,27 BRL",26,"0,41%",0.188768,12,1,,,,708536560751820,Gê Burger -> Digital Livre
2026-03-01,2026-03-31,06:00:00 - 06:59:59,"R$9,31 BRL",7436,"R$1,25 BRL",28,"0,38%",0.215169,16,2,,,,708536560751820,Gê Burger -> Digital Livre
2026-03-01,2026-03-31,07:00:00 - 07:59:59,"R$15,89 BRL",12899,"R$1,23 BRL",30,"0,23%",0.100783,13,2,,,,708536560751820,Gê Burger -> Digital Livre
2026-03-01,2026-03-31,08:00:00 - 08:59:59,"R$26,52 BRL",20450,"R$1,30 BRL",39,"0,19%",0.102689,21,5,,,,708536560751820,Gê Burger -> Digital Livre
2026-03-01,2026-03-31,09:00:00 - 09:59:59,"R$34,73 BRL",26644,"R$1,30 BRL",60,"0,23%",0.090077,24,1,,,,708536560751820,Gê Burger -> Digital Livre
2026-03-01,2026-03-31,10:00:00 - 10:59:59,"R$47,86 BRL",35564,"R$1,35 BRL",85,"0,24%",0.118097,42,6,,,,708536560751820,Gê Burger -> Digital Livre
2026-03-01,2026-03-31,11:00:00 - 11:59:59,"R$58,60 BRL",40283,"R$1,45 BRL",123,"0,31%",0.129087,52,6,,,,708536560751820,Gê Burger -> Digital Livre
2026-03-01,2026-03-31,12:00:00 - 12:59:59,"R$62,89 BRL",42749,"R$1,47 BRL",131,"0,31%",0.147372,63,5,,,,708536560751820,Gê Burger -> Digital Livre
2026-03-01,2026-03-31,13:00:00 - 13:59:59,"R$80,55 BRL",55051,"R$1,46 BRL",149,"0,27%",0.127155,70,4,,,,708536560751820,Gê Burger -> Digital Livre
2026-03-01,2026-03-31,14:00:00 - 14:59:59,"R$74,42 BRL",52186,"R$1,43 BRL",151,"0,29%",0.139884,73,4,,,,708536560751820,Gê Burger -> Digital Livre
2026-03-01,2026-03-31,15:00:00 - 15:59:59,"R$68,35 BRL",48156,"R$1,42 BRL",131,"0,27%",0.130825,63,7,,,,708536560751820,Gê Burger -> Digital Livre
2026-03-01,2026-03-31,16:00:00 - 16:59:59,"R$74,09 BRL",52820,"R$1,40 BRL",162,"0,31%",0.130632,69,6,,,,708536560751820,Gê Burger -> Digital Livre
2026-03-01,2026-03-31,17:00:00 - 17:59:59,"R$77,97 BRL",55517,"R$1,40 BRL",164,"0,30%",0.140498,78,9,,,,708536560751820,Gê Burger -> Digital Livre
2026-03-01,2026-03-31,18:00:00 - 18:59:59,"R$168,01 BRL",73407,"R$2,29 BRL",375,"0,51%",0.231586,170,14,2,"R$54,00 BRL",0.321409,708536560751820,Gê Burger -> Digital Livre
2026-03-01,2026-03-31,19:00:00 - 19:59:59,"R$556,29 BRL",131894,"R$4,22 BRL",1006,"0,76%",0.344216,454,205,14,"R$599,60 BRL",1.077855,708536560751820,Gê Burger -> Digital Livre
2026-03-01,2026-03-31,20:00:00 - 20:59:59,"R$625,72 BRL",142924,"R$4,38 BRL",1167,"0,82%",0.386919,553,238,23,"R$1.032,80 BRL",1.650579,708536560751820,Gê Burger -> Digital Livre
2026-03-01,2026-03-31,21:00:00 - 21:59:59,"R$564,01 BRL",141451,"R$3,99 BRL",1105,"0,78%",0.37893,536,219,42,"R$2.338,90 BRL",4.146912,708536560751820,Gê Burger -> Digital Livre
2026-03-01,2026-03-31,22:00:00 - 22:59:59,"R$482,10 BRL",134597,"R$3,58 BRL",855,"0,64%",0.282324,380,189,32,"R$1.536,80 BRL",3.18772,708536560751820,Gê Burger -> Digital Livre
2026-03-01,2026-03-31,23:00:00 - 23:59:59,"R$339,03 BRL",98588,"R$3,44 BRL",638,"0,65%",0.297196,293,134,16,"R$507,40 BRL",1.496623,708536560751820,Gê Burger -> Digital Livre
2026-04-01,2026-04-30,00:00:00 - 00:59:59,"R$51,89 BRL",45494,"R$1,14 BRL",119,"0,26%",0.094518,43,16,6,"R$162,70 BRL",3.135479,708536560751820,Gê Burger -> Digital Livre
2026-04-01,2026-04-30,01:00:00 - 01:59:59,"R$23,92 BRL",20506,"R$1,17 BRL",58,"0,28%",0.121916,25,5,,,,708536560751820,Gê Burger -> Digital Livre
2026-04-01,2026-04-30,02:00:00 - 02:59:59,"R$14,02 BRL",11706,"R$1,20 BRL",32,"0,27%",0.085426,10,,,,,708536560751820,Gê Burger -> Digital Livre
2026-04-01,2026-04-30,03:00:00 - 03:59:59,"R$14,00 BRL",12507,"R$1,12 BRL",30,"0,24%",0.127928,16,3,,,,708536560751820,Gê Burger -> Digital Livre
2026-04-01,2026-04-30,04:00:00 - 04:59:59,"R$9,52 BRL",8673,"R$1,10 BRL",22,"0,25%",0.10377,9,1,,,,708536560751820,Gê Burger -> Digital Livre
2026-04-01,2026-04-30,05:00:00 - 05:59:59,"R$7,84 BRL",6750,"R$1,16 BRL",12,"0,18%",0.074074,5,2,,,,708536560751820,Gê Burger -> Digital Livre
2026-04-01,2026-04-30,06:00:00 - 06:59:59,"R$10,08 BRL",8960,"R$1,13 BRL",23,"0,26%",0.111607,10,1,,,,708536560751820,Gê Burger -> Digital Livre
2026-04-01,2026-04-30,07:00:00 - 07:59:59,"R$14,01 BRL",12405,"R$1,13 BRL",21,"0,17%",0.048368,6,,,,,708536560751820,Gê Burger -> Digital Livre
2026-04-01,2026-04-30,08:00:00 - 08:59:59,"R$18,33 BRL",16269,"R$1,13 BRL",24,"0,15%",0.049173,8,3,,,,708536560751820,Gê Burger -> Digital Livre
2026-04-01,2026-04-30,09:00:00 - 09:59:59,"R$24,59 BRL",21201,"R$1,16 BRL",58,"0,27%",0.122636,26,,,,,708536560751820,Gê Burger -> Digital Livre
2026-04-01,2026-04-30,10:00:00 - 10:59:59,"R$32,37 BRL",27952,"R$1,16 BRL",53,"0,19%",0.057241,16,2,,,,708536560751820,Gê Burger -> Digital Livre
2026-04-01,2026-04-30,11:00:00 - 11:59:59,"R$38,73 BRL",33353,"R$1,16 BRL",69,"0,21%",0.053968,18,1,,,,708536560751820,Gê Burger -> Digital Livre
2026-04-01,2026-04-30,12:00:00 - 12:59:59,"R$40,84 BRL",34414,"R$1,19 BRL",70,"0,20%",0.061022,21,,,,,708536560751820,Gê Burger -> Digital Livre
2026-04-01,2026-04-30,13:00:00 - 13:59:59,"R$48,04 BRL",41189,"R$1,17 BRL",105,"0,25%",0.097113,40,4,,,,708536560751820,Gê Burger -> Digital Livre
2026-04-01,2026-04-30,14:00:00 - 14:59:59,"R$49,51 BRL",42858,"R$1,16 BRL",113,"0,26%",0.079332,34,1,,,,708536560751820,Gê Burger -> Digital Livre
2026-04-01,2026-04-30,15:00:00 - 15:59:59,"R$46,04 BRL",39785,"R$1,16 BRL",109,"0,27%",0.082946,33,5,,,,708536560751820,Gê Burger -> Digital Livre
2026-04-01,2026-04-30,16:00:00 - 16:59:59,"R$44,23 BRL",38554,"R$1,15 BRL",86,"0,22%",0.06225,24,3,,,,708536560751820,Gê Burger -> Digital Livre
2026-04-01,2026-04-30,17:00:00 - 17:59:59,"R$52,71 BRL",45354,"R$1,16 BRL",108,"0,24%",0.070556,32,4,,,,708536560751820,Gê Burger -> Digital Livre
2026-04-01,2026-04-30,18:00:00 - 18:59:59,"R$283,02 BRL",81324,"R$3,48 BRL",516,"0,63%",0.28036,228,24,4,"R$108,00 BRL",0.381598,708536560751820,Gê Burger -> Digital Livre
2026-04-01,2026-04-30,19:00:00 - 19:59:59,"R$760,38 BRL",152983,"R$4,97 BRL",1396,"0,91%",0.452992,693,270,17,"R$497,40 BRL",0.654147,708536560751820,Gê Burger -> Digital Livre
2026-04-01,2026-04-30,20:00:00 - 20:59:59,"R$759,54 BRL",149462,"R$5,08 BRL",1418,"0,95%",0.4369,653,313,60,"R$2.525,87 BRL",3.325526,708536560751820,Gê Burger -> Digital Livre
2026-04-01,2026-04-30,21:00:00 - 21:59:59,"R$669,93 BRL",141999,"R$4,72 BRL",1199,"0,84%",0.419721,596,282,48,"R$1.959,91 BRL",2.925544,708536560751820,Gê Burger -> Digital Livre
2026-04-01,2026-04-30,22:00:00 - 22:59:59,"R$602,25 BRL",133029,"R$4,53 BRL",1010,"0,76%",0.382623,509,240,38,"R$1.449,66 BRL",2.407073,708536560751820,Gê Burger -> Digital Livre
2026-04-01,2026-04-30,23:00:00 - 23:59:59,"R$428,47 BRL",99847,"R$4,29 BRL",729,"0,73%",0.347532,347,119,12,"R$462,70 BRL",1.079889,708536560751820,Gê Burger -> Digital Livre
2026-05-01,2026-05-31,00:00:00 - 00:59:59,"R$92,75 BRL",63792,"R$1,45 BRL",189,"0,30%",0.203787,130,4,2,"R$77,50 BRL",0.83558,708536560751820,Gê Burger -> Digital Livre
2026-05-01,2026-05-31,01:00:00 - 01:59:59,"R$49,17 BRL",36924,"R$1,33 BRL",114,"0,31%",0.181454,67,,,,,708536560751820,Gê Burger -> Digital Livre
2026-05-01,2026-05-31,02:00:00 - 02:59:59,"R$32,79 BRL",24471,"R$1,34 BRL",64,"0,26%",0.204323,50,1,,,,708536560751820,Gê Burger -> Digital Livre
2026-05-01,2026-05-31,03:00:00 - 03:59:59,"R$19,10 BRL",14247,"R$1,34 BRL",38,"0,27%",0.161438,23,,,,,708536560751820,Gê Burger -> Digital Livre
2026-05-01,2026-05-31,04:00:00 - 04:59:59,"R$14,27 BRL",11011,"R$1,30 BRL",35,"0,32%",0.217964,24,,,,,708536560751820,Gê Burger -> Digital Livre
2026-05-01,2026-05-31,05:00:00 - 05:59:59,"R$13,61 BRL",10675,"R$1,27 BRL",22,"0,21%",0.140515,15,,,,,708536560751820,Gê Burger -> Digital Livre
2026-05-01,2026-05-31,06:00:00 - 06:59:59,"R$17,55 BRL",13657,"R$1,29 BRL",43,"0,31%",0.22699,31,,,,,708536560751820,Gê Burger -> Digital Livre
2026-05-01,2026-05-31,07:00:00 - 07:59:59,"R$35,57 BRL",28035,"R$1,27 BRL",82,"0,29%",0.214018,60,,,,,708536560751820,Gê Burger -> Digital Livre
2026-05-01,2026-05-31,08:00:00 - 08:59:59,"R$47,83 BRL",36931,"R$1,30 BRL",96,"0,26%",0.170588,63,,,,,708536560751820,Gê Burger -> Digital Livre
2026-05-01,2026-05-31,09:00:00 - 09:59:59,"R$45,42 BRL",34924,"R$1,30 BRL",93,"0,27%",0.191845,67,,,,,708536560751820,Gê Burger -> Digital Livre
2026-05-01,2026-05-31,10:00:00 - 10:59:59,"R$56,16 BRL",42730,"R$1,31 BRL",114,"0,27%",0.175521,75,,,,,708536560751820,Gê Burger -> Digital Livre
2026-05-01,2026-05-31,11:00:00 - 11:59:59,"R$69,48 BRL",53148,"R$1,31 BRL",136,"0,26%",0.159931,85,,,,,708536560751820,Gê Burger -> Digital Livre
2026-05-01,2026-05-31,12:00:00 - 12:59:59,"R$81,10 BRL",61379,"R$1,32 BRL",180,"0,29%",0.18899,116,,,,,708536560751820,Gê Burger -> Digital Livre
2026-05-01,2026-05-31,13:00:00 - 13:59:59,"R$82,31 BRL",61537,"R$1,34 BRL",141,"0,23%",0.164129,101,1,,,,708536560751820,Gê Burger -> Digital Livre
2026-05-01,2026-05-31,14:00:00 - 14:59:59,"R$89,21 BRL",66166,"R$1,35 BRL",167,"0,25%",0.178339,118,,,,,708536560751820,Gê Burger -> Digital Livre
2026-05-01,2026-05-31,15:00:00 - 15:59:59,"R$82,70 BRL",62831,"R$1,32 BRL",166,"0,26%",0.187805,118,1,,,,708536560751820,Gê Burger -> Digital Livre
2026-05-01,2026-05-31,16:00:00 - 16:59:59,"R$78,36 BRL",60032,"R$1,31 BRL",160,"0,27%",0.169909,102,,,,,708536560751820,Gê Burger -> Digital Livre
2026-05-01,2026-05-31,17:00:00 - 17:59:59,"R$102,84 BRL",71028,"R$1,45 BRL",195,"0,27%",0.183026,130,1,,,,708536560751820,Gê Burger -> Digital Livre
2026-05-01,2026-05-31,18:00:00 - 18:59:59,"R$584,39 BRL",141730,"R$4,12 BRL",926,"0,65%",0.381712,541,61,,,,708536560751820,Gê Burger -> Digital Livre
2026-05-01,2026-05-31,19:00:00 - 19:59:59,"R$847,99 BRL",166390,"R$5,10 BRL",1249,"0,75%",0.409279,681,185,26,"R$1.096,60 BRL",1.293176,708536560751820,Gê Burger -> Digital Livre
2026-05-01,2026-05-31,20:00:00 - 20:59:59,"R$895,58 BRL",168596,"R$5,31 BRL",1210,"0,72%",0.398586,672,174,33,"R$1.774,91 BRL",1.981855,708536560751820,Gê Burger -> Digital Livre
2026-05-01,2026-05-31,21:00:00 - 21:59:59,"R$800,44 BRL",158162,"R$5,06 BRL",1079,"0,68%",0.365448,578,144,24,"R$905,82 BRL",1.131653,708536560751820,Gê Burger -> Digital Livre
2026-05-01,2026-05-31,22:00:00 - 22:59:59,"R$678,30 BRL",150027,"R$4,52 BRL",885,"0,59%",0.346604,520,152,29,"R$912,63 BRL",1.345467,708536560751820,Gê Burger -> Digital Livre
2026-05-01,2026-05-31,23:00:00 - 23:59:59,"R$537,75 BRL",123824,"R$4,34 BRL",741,"0,60%",0.36988,458,94,19,"R$810,89 BRL",1.507931,708536560751820,Gê Burger -> Digital Livre
2026-06-01,2026-06-30,00:00:00 - 00:59:59,"R$24,52 BRL",10530,"R$2,33 BRL",53,"0,50%",0.19943,21,8,6,"R$301,82 BRL",12.309135,708536560751820,Gê Burger -> Digital Livre
2026-06-01,2026-06-30,01:00:00 - 01:59:59,"R$17,20 BRL",8845,"R$1,94 BRL",28,"0,32%",0.101752,9,,,,,708536560751820,Gê Burger -> Digital Livre
2026-06-01,2026-06-30,02:00:00 - 02:59:59,"R$12,05 BRL",7221,"R$1,67 BRL",24,"0,33%",0.138485,10,1,,,,708536560751820,Gê Burger -> Digital Livre
2026-06-01,2026-06-30,03:00:00 - 03:59:59,"R$9,24 BRL",5579,"R$1,66 BRL",21,"0,38%",0.143395,8,,,,,708536560751820,Gê Burger -> Digital Livre
2026-06-01,2026-06-30,04:00:00 - 04:59:59,"R$4,32 BRL",2895,"R$1,49 BRL",13,"0,45%",0.345423,10,,,,,708536560751820,Gê Burger -> Digital Livre
2026-06-01,2026-06-30,05:00:00 - 05:59:59,"R$4,27 BRL",2592,"R$1,65 BRL",9,"0,35%",0.154321,4,1,,,,708536560751820,Gê Burger -> Digital Livre
2026-06-01,2026-06-30,06:00:00 - 06:59:59,"R$4,72 BRL",3443,"R$1,37 BRL",13,"0,38%",0.145222,5,,,,,708536560751820,Gê Burger -> Digital Livre
2026-06-01,2026-06-30,07:00:00 - 07:59:59,"R$11,39 BRL",7357,"R$1,55 BRL",30,"0,41%",0.16311,12,,,,,708536560751820,Gê Burger -> Digital Livre
2026-06-01,2026-06-30,08:00:00 - 08:59:59,"R$16,57 BRL",10458,"R$1,58 BRL",26,"0,25%",0.04781,5,,,,,708536560751820,Gê Burger -> Digital Livre
2026-06-01,2026-06-30,09:00:00 - 09:59:59,"R$21,50 BRL",12202,"R$1,76 BRL",43,"0,35%",0.098345,12,,,,,708536560751820,Gê Burger -> Digital Livre
2026-06-01,2026-06-30,10:00:00 - 10:59:59,"R$20,25 BRL",10547,"R$1,92 BRL",32,"0,30%",0.132739,14,,,,,708536560751820,Gê Burger -> Digital Livre
2026-06-01,2026-06-30,11:00:00 - 11:59:59,"R$22,10 BRL",11567,"R$1,91 BRL",40,"0,35%",0.14697,17,,,,,708536560751820,Gê Burger -> Digital Livre
2026-06-01,2026-06-30,12:00:00 - 12:59:59,"R$28,88 BRL",18625,"R$1,55 BRL",69,"0,37%",0.257718,48,2,,,,708536560751820,Gê Burger -> Digital Livre
2026-06-01,2026-06-30,13:00:00 - 13:59:59,"R$38,00 BRL",19584,"R$1,94 BRL",53,"0,27%",0.168505,33,,,,,708536560751820,Gê Burger -> Digital Livre
2026-06-01,2026-06-30,14:00:00 - 14:59:59,"R$34,40 BRL",14236,"R$2,42 BRL",54,"0,38%",0.182636,26,,,,,708536560751820,Gê Burger -> Digital Livre
2026-06-01,2026-06-30,15:00:00 - 15:59:59,"R$26,91 BRL",12333,"R$2,18 BRL",38,"0,31%",0.121625,15,,,,,708536560751820,Gê Burger -> Digital Livre
2026-06-01,2026-06-30,16:00:00 - 16:59:59,"R$26,59 BRL",12923,"R$2,06 BRL",43,"0,33%",0.170239,22,,,,,708536560751820,Gê Burger -> Digital Livre
2026-06-01,2026-06-30,17:00:00 - 17:59:59,"R$33,86 BRL",17063,"R$1,98 BRL",61,"0,36%",0.134795,23,,,,,708536560751820,Gê Burger -> Digital Livre
2026-06-01,2026-06-30,18:00:00 - 18:59:59,"R$190,36 BRL",38680,"R$4,92 BRL",298,"0,77%",0.294726,114,16,2,"R$39,00 BRL",0.204875,708536560751820,Gê Burger -> Digital Livre
2026-06-01,2026-06-30,19:00:00 - 19:59:59,"R$550,11 BRL",83950,"R$6,55 BRL",625,"0,74%",0.37165,312,80,15,"R$618,80 BRL",1.124866,708536560751820,Gê Burger -> Digital Livre
2026-06-01,2026-06-30,20:00:00 - 20:59:59,"R$615,53 BRL",85058,"R$7,24 BRL",674,"0,79%",0.380917,324,83,29,"R$1.293,10 BRL",2.100791,708536560751820,Gê Burger -> Digital Livre
2026-06-01,2026-06-30,21:00:00 - 21:59:59,"R$511,31 BRL",70325,"R$7,27 BRL",500,"0,71%",0.342695,241,75,17,"R$756,70 BRL",1.479924,708536560751820,Gê Burger -> Digital Livre
2026-06-01,2026-06-30,22:00:00 - 22:59:59,"R$389,90 BRL",54162,"R$7,20 BRL",435,"0,80%",0.402496,218,71,16,"R$630,00 BRL",1.615799,708536560751820,Gê Burger -> Digital Livre
2026-06-01,2026-06-30,23:00:00 - 23:59:59,"R$319,41 BRL",44702,"R$7,15 BRL",363,"0,81%",0.398192,178,63,12,"R$463,90 BRL",1.452365,708536560751820,Gê Burger -> Digital Livre
2026-07-01,2026-07-31,00:00:00 - 00:59:59,"R$25,31 BRL",11311,"R$2,24 BRL",35,"0,31%",0.150296,17,2,,,,708536560751820,Gê Burger -> Digital Livre
2026-07-01,2026-07-31,01:00:00 - 01:59:59,"R$11,79 BRL",5474,"R$2,15 BRL",20,"0,37%",0.146145,8,,,,,708536560751820,Gê Burger -> Digital Livre
2026-07-01,2026-07-31,02:00:00 - 02:59:59,"R$6,68 BRL",3083,"R$2,17 BRL",3,"0,0973%",0.032436,1,,,,,708536560751820,Gê Burger -> Digital Livre
2026-07-01,2026-07-31,03:00:00 - 03:59:59,"R$4,89 BRL",2225,"R$2,20 BRL",6,"0,27%",0.089888,2,,,,,708536560751820,Gê Burger -> Digital Livre
2026-07-01,2026-07-31,04:00:00 - 04:59:59,"R$4,27 BRL",1923,"R$2,22 BRL",6,"0,31%",0.104004,2,,,,,708536560751820,Gê Burger -> Digital Livre
2026-07-01,2026-07-31,05:00:00 - 05:59:59,"R$5,08 BRL",2348,"R$2,16 BRL",5,"0,21%",0.042589,1,,,,,708536560751820,Gê Burger -> Digital Livre
2026-07-01,2026-07-31,06:00:00 - 06:59:59,"R$7,87 BRL",3745,"R$2,10 BRL",6,"0,16%",0.080107,3,,,,,708536560751820,Gê Burger -> Digital Livre
2026-07-01,2026-07-31,07:00:00 - 07:59:59,"R$11,36 BRL",5438,"R$2,09 BRL",11,"0,20%",0.055167,3,,,,,708536560751820,Gê Burger -> Digital Livre
2026-07-01,2026-07-31,08:00:00 - 08:59:59,"R$12,79 BRL",6185,"R$2,07 BRL",18,"0,29%",0.129345,8,,,,,708536560751820,Gê Burger -> Digital Livre
2026-07-01,2026-07-31,09:00:00 - 09:59:59,"R$11,47 BRL",5700,"R$2,01 BRL",17,"0,30%",0.140351,8,,,,,708536560751820,Gê Burger -> Digital Livre
2026-07-01,2026-07-31,10:00:00 - 10:59:59,"R$9,47 BRL",4723,"R$2,01 BRL",7,"0,15%",0.084692,4,,,,,708536560751820,Gê Burger -> Digital Livre
2026-07-01,2026-07-31,11:00:00 - 11:59:59,"R$10,71 BRL",5084,"R$2,11 BRL",10,"0,20%",0.098348,5,,,,,708536560751820,Gê Burger -> Digital Livre
2026-07-01,2026-07-31,12:00:00 - 12:59:59,"R$11,25 BRL",5464,"R$2,06 BRL",12,"0,22%",0.091508,5,,,,,708536560751820,Gê Burger -> Digital Livre
2026-07-01,2026-07-31,13:00:00 - 13:59:59,"R$13,07 BRL",6292,"R$2,08 BRL",15,"0,24%",0.111252,7,,,,,708536560751820,Gê Burger -> Digital Livre
2026-07-01,2026-07-31,14:00:00 - 14:59:59,"R$13,58 BRL",6467,"R$2,10 BRL",24,"0,37%",0.108242,7,,,,,708536560751820,Gê Burger -> Digital Livre
2026-07-01,2026-07-31,15:00:00 - 15:59:59,"R$12,77 BRL",6215,"R$2,05 BRL",12,"0,19%",0.03218,2,,,,,708536560751820,Gê Burger -> Digital Livre
2026-07-01,2026-07-31,16:00:00 - 16:59:59,"R$14,95 BRL",7071,"R$2,11 BRL",22,"0,31%",0.084854,6,,,,,708536560751820,Gê Burger -> Digital Livre
2026-07-01,2026-07-31,17:00:00 - 17:59:59,"R$15,92 BRL",7468,"R$2,13 BRL",20,"0,27%",0.147295,11,,,,,708536560751820,Gê Burger -> Digital Livre
2026-07-01,2026-07-31,18:00:00 - 18:59:59,"R$108,88 BRL",20921,"R$5,20 BRL",221,"1,06%",0.583146,122,8,,,,708536560751820,Gê Burger -> Digital Livre
2026-07-01,2026-07-31,19:00:00 - 19:59:59,"R$301,95 BRL",46118,"R$6,55 BRL",458,"0,99%",0.548593,253,41,7,"R$401,90 BRL",1.331015,708536560751820,Gê Burger -> Digital Livre
2026-07-01,2026-07-31,20:00:00 - 20:59:59,"R$336,38 BRL",50795,"R$6,62 BRL",492,"0,97%",0.500049,254,46,12,"R$645,30 BRL",1.918366,708536560751820,Gê Burger -> Digital Livre
2026-07-01,2026-07-31,21:00:00 - 21:59:59,"R$307,44 BRL",49214,"R$6,25 BRL",440,"0,89%",0.473443,233,61,10,"R$377,90 BRL",1.229183,708536560751820,Gê Burger -> Digital Livre
2026-07-01,2026-07-31,22:00:00 - 22:59:59,"R$237,48 BRL",45209,"R$5,25 BRL",383,"0,85%",0.429118,194,29,10,"R$541,90 BRL",2.281876,708536560751820,Gê Burger -> Digital Livre
2026-07-01,2026-07-31,23:00:00 - 23:59:59,"R$183,50 BRL",32442,"R$5,66 BRL",280,"0,86%",0.456199,148,27,2,"R$124,00 BRL",0.675749,708536560751820,Gê Burger -> Digital Livre
2026-08-01,2026-08-21,00:00:00 - 00:59:59,"R$7,12 BRL",2218,"R$3,21 BRL",14,"0,63%",0.405771,9,8,,,,708536560751820,Gê Burger -> Digital Livre
2026-08-01,2026-08-21,01:00:00 - 01:59:59,"R$4,55 BRL",1569,"R$2,90 BRL",4,"0,25%",0.12747,2,,,,,708536560751820,Gê Burger -> Digital Livre
2026-08-01,2026-08-21,02:00:00 - 02:59:59,"R$2,49 BRL",1021,"R$2,44 BRL",8,"0,78%",0.29383,3,,,,,708536560751820,Gê Burger -> Digital Livre
2026-08-01,2026-08-21,03:00:00 - 03:59:59,"R$2,34 BRL",770,"R$3,04 BRL",4,"0,52%",0.12987,1,,,,,708536560751820,Gê Burger -> Digital Livre
2026-08-01,2026-08-21,04:00:00 - 04:59:59,"R$1,45 BRL",650,"R$2,23 BRL",3,"0,46%",0.153846,1,,,,,708536560751820,Gê Burger -> Digital Livre
2026-08-01,2026-08-21,05:00:00 - 05:59:59,"R$1,46 BRL",621,"R$2,35 BRL",2,"0,32%",,,,,,,708536560751820,Gê Burger -> Digital Livre
2026-08-01,2026-08-21,06:00:00 - 06:59:59,"R$2,75 BRL",1054,"R$2,61 BRL",5,"0,47%",0.28463,3,,,,,708536560751820,Gê Burger -> Digital Livre
2026-08-01,2026-08-21,07:00:00 - 07:59:59,"R$4,01 BRL",1519,"R$2,64 BRL",8,"0,53%",0.263331,4,,,,,708536560751820,Gê Burger -> Digital Livre
2026-08-01,2026-08-21,08:00:00 - 08:59:59,"R$4,03 BRL",1582,"R$2,55 BRL",6,"0,38%",0.379267,6,,,,,708536560751820,Gê Burger -> Digital Livre
2026-08-01,2026-08-21,09:00:00 - 09:59:59,"R$3,30 BRL",1248,"R$2,64 BRL",6,"0,48%",0.240385,3,,,,,708536560751820,Gê Burger -> Digital Livre
2026-08-01,2026-08-21,10:00:00 - 10:59:59,"R$3,78 BRL",1144,"R$3,30 BRL",6,"0,52%",0.34965,4,,,,,708536560751820,Gê Burger -> Digital Livre
2026-08-01,2026-08-21,11:00:00 - 11:59:59,"R$3,50 BRL",1159,"R$3,02 BRL",8,"0,69%",0.345125,4,,,,,708536560751820,Gê Burger -> Digital Livre
2026-08-01,2026-08-21,12:00:00 - 12:59:59,"R$4,32 BRL",1405,"R$3,07 BRL",6,"0,43%",0.284698,4,,,,,708536560751820,Gê Burger -> Digital Livre
2026-08-01,2026-08-21,13:00:00 - 13:59:59,"R$4,45 BRL",1648,"R$2,70 BRL",7,"0,42%",0.424757,7,,,,,708536560751820,Gê Burger -> Digital Livre
2026-08-01,2026-08-21,14:00:00 - 14:59:59,"R$5,20 BRL",1701,"R$3,06 BRL",12,"0,71%",0.411523,7,,,,,708536560751820,Gê Burger -> Digital Livre
2026-08-01,2026-08-21,15:00:00 - 15:59:59,"R$5,68 BRL",1612,"R$3,52 BRL",14,"0,87%",0.434243,7,,,,,708536560751820,Gê Burger -> Digital Livre
2026-08-01,2026-08-21,16:00:00 - 16:59:59,"R$4,73 BRL",1745,"R$2,71 BRL",15,"0,86%",0.515759,9,,,,,708536560751820,Gê Burger -> Digital Livre
2026-08-01,2026-08-21,17:00:00 - 17:59:59,"R$6,95 BRL",2190,"R$3,17 BRL",21,"0,96%",0.410959,9,,,,,708536560751820,Gê Burger -> Digital Livre
2026-08-01,2026-08-21,18:00:00 - 18:59:59,"R$62,02 BRL",11991,"R$5,17 BRL",146,"1,22%",0.658827,79,1,,,,708536560751820,Gê Burger -> Digital Livre
2026-08-01,2026-08-21,19:00:00 - 19:59:59,"R$247,47 BRL",28534,"R$8,67 BRL",277,"0,97%",0.550221,157,26,4,"R$201,30 BRL",0.813432,708536560751820,Gê Burger -> Digital Livre
2026-08-01,2026-08-21,20:00:00 - 20:59:59,"R$287,68 BRL",31684,"R$9,08 BRL",355,"1,12%",0.643858,204,72,11,"R$445,60 BRL",1.548943,708536560751820,Gê Burger -> Digital Livre
2026-08-01,2026-08-21,21:00:00 - 21:59:59,"R$252,18 BRL",26304,"R$9,59 BRL",283,"1,08%",0.604471,159,48,10,"R$412,90 BRL",1.637323,708536560751820,Gê Burger -> Digital Livre
2026-08-01,2026-08-21,22:00:00 - 22:59:59,"R$174,94 BRL",20732,"R$8,44 BRL",227,"1,09%",0.670461,139,34,10,"R$390,40 BRL",2.231622,708536560751820,Gê Burger -> Digital Livre
2026-08-01,2026-08-21,23:00:00 - 23:59:59,"R$141,34 BRL",16254,"R$8,70 BRL",220,"1,35%",1.039744,169,69,3,"R$58,00 BRL",0.410358,708536560751820,Gê Burger -> Digital Livre
